name,type,group,execution_mode,enclave_time_mean,enclave_time_std,enclave_time_min,enclave_time_max,enclave_time_p95,enclave_time_p99,cpu_time_mean,cpu_time_std,cpu_time_min,cpu_time_max,input_bytes,output_bytes,input_shape,output_shape,dependencies,num_iterations,xfer_edges_json,xfer_total_mean_ms,compute_mean_ms,cpu_memory_bytes,tee_memory_bytes,tee_encryption_overhead,tee_total_memory_bytes,weight_bytes,bias_bytes,activation_bytes,num_chunks,chunk_metadata_bytes
embedding,Linear,Embedding,Enclave,0.5613846995402128,0.01737324205258877,0.5430909986898769,0.6101560029492248,0.5894294521567645,0.6060106927907327,0.0,0.0,0.0,0.0,159744,159744,"[1, 128, 312]","[1, 128, 312]",[],10,"{""input->op"": {""enclave_get_ms"": 0.0}, ""op->output"": {""enclave_store_ms"": 0.0}}",0.0,0.0,710112,710112,60,710172,389376,1248,319488,1,60
encoder0_attn_q_proj,Linear,Encoder0,Enclave,0.5835070998728042,0.09063398917366405,0.5247160006547347,0.8449749984720256,0.7328079986109513,0.8225415984998108,0.0,0.0,0.0,0.0,159744,159744,"[1, 128, 312]","[1, 128, 312]",['embedding'],10,"{""input->op"": {""enclave_get_ms"": 0.0}, ""op->output"": {""enclave_store_ms"": 0.0}}",0.0,0.0,710112,710112,60,710172,389376,1248,319488,1,60
encoder0_attn_k_proj,Linear,Encoder0,Enclave,0.6686491000436945,0.1418626909533306,0.5443430018203799,0.9264039981644601,0.8959128985225105,0.9203057782360702,0.0,0.0,0.0,0.0,159744,159744,"[1, 128, 312]","[1, 128, 312]",['embedding'],10,"{""input->op"": {""enclave_get_ms"": 0.0}, ""op->output"": {""enclave_store_ms"": 0.0}}",0.0,0.0,710112,710112,60,710172,389376,1248,319488,1,60
encoder0_attn_v_proj,Linear,Encoder0,Enclave,0.7038737006951123,0.14339823911677788,0.5465750000439584,0.9179609987768345,0.8966391003923491,0.9136966190999374,0.0,0.0,0.0,0.0,159744,159744,"[1, 128, 312]","[1, 128, 312]",['embedding'],10,"{""input->op"": {""enclave_get_ms"": 0.0}, ""op->output"": {""enclave_store_ms"": 0.0}}",0.0,0.0,710112,710112,60,710172,389376,1248,319488,1,60
encoder0_attn_head0_qk_matmul,MatMul,Encoder0_Head0,Enclave,0.27460470046207774,0.09772451220270613,0.22703500144416466,0.565203998121433,0.4325246492953735,0.5386681283562211,0.0,0.0,0.0,0.0,26624,65536,"[1, 1, 128, 26]","[1, 1, 128, 128]","['encoder0_attn_q_proj', 'encoder0_attn_k_proj']",10,"{""input1->matmul"": {""enclave_get_ms"": 0.0}, ""input2->matmul"": {""enclave_get_ms"": 0.0}, ""matmul->output"": {""enclave_store_ms"": 0.0}}",0.0,0.0,78848,78848,60,78908,0,0,78848,1,60
encoder0_attn_head0_softmax,Softmax,Encoder0_Head0,Enclave,0.33675730010145344,0.06076410690602098,0.25923399880412035,0.4280540015315637,0.42642275057005463,0.4277277513392619,0.0,0.0,0.0,0.0,65536,65536,"[1, 1, 128, 128]","[1, 1, 128, 128]",['encoder0_attn_head0_qk_matmul'],10,"{""input->op"": {""enclave_get_ms"": 0.0}, ""op->output"": {""enclave_store_ms"": 0.0}}",0.0,0.0,131072,131072,60,131132,0,0,131072,1,60
encoder0_attn_head0_attn_v_matmul,MatMul,Encoder0_Head0,Enclave,0.25920129992300645,0.05097700093051237,0.23162199795478955,0.40968800021801144,0.34409915115247697,0.3965702304049046,0.0,0.0,0.0,0.0,78848,13312,"[1, 1, 128, 128]","[1, 1, 128, 26]","['encoder0_attn_head0_softmax', 'encoder0_attn_v_proj']",10,"{""input1->matmul"": {""enclave_get_ms"": 0.0}, ""input2->matmul"": {""enclave_get_ms"": 0.0}, ""matmul->output"": {""enclave_store_ms"": 0.0}}",0.0,0.0,78848,78848,60,78908,0,0,78848,1,60
encoder0_attn_head1_qk_matmul,MatMul,Encoder0_Head1,Enclave,0.27877190041181166,0.06809361710627101,0.23276000138139352,0.4629110007954296,0.4072239493325468,0.45177359050285304,0.0,0.0,0.0,0.0,26624,65536,"[1, 1, 128, 26]","[1, 1, 128, 128]","['encoder0_attn_q_proj', 'encoder0_attn_k_proj']",10,"{""input1->matmul"": {""enclave_get_ms"": 0.0}, ""input2->matmul"": {""enclave_get_ms"": 0.0}, ""matmul->output"": {""enclave_store_ms"": 0.0}}",0.0,0.0,78848,78848,60,78908,0,0,78848,1,60
encoder0_attn_head1_softmax,Softmax,Encoder0_Head1,Enclave,0.28531910029414576,0.024557647053190027,0.25844600168056786,0.347286000760505,0.3314185505587374,0.3441125107201515,0.0,0.0,0.0,0.0,65536,65536,"[1, 1, 128, 128]","[1, 1, 128, 128]",['encoder0_attn_head1_qk_matmul'],10,"{""input->op"": {""enclave_get_ms"": 0.0}, ""op->output"": {""enclave_store_ms"": 0.0}}",0.0,0.0,131072,131072,60,131132,0,0,131072,1,60
encoder0_attn_head1_attn_v_matmul,MatMul,Encoder0_Head1,Enclave,0.2604157998575829,0.04128124802075449,0.22916599846212193,0.37948899989714846,0.32731779992900545,0.3690547599035199,0.0,0.0,0.0,0.0,78848,13312,"[1, 1, 128, 128]","[1, 1, 128, 26]","['encoder0_attn_head1_softmax', 'encoder0_attn_v_proj']",10,"{""input1->matmul"": {""enclave_get_ms"": 0.0}, ""input2->matmul"": {""enclave_get_ms"": 0.0}, ""matmul->output"": {""enclave_store_ms"": 0.0}}",0.0,0.0,78848,78848,60,78908,0,0,78848,1,60
encoder0_attn_head2_qk_matmul,MatMul,Encoder0_Head2,Enclave,0.3026638998562703,0.10264056729914163,0.2295560007041786,0.5071140003565233,0.5064174003564403,0.5069746803565067,0.0,0.0,0.0,0.0,26624,65536,"[1, 1, 128, 26]","[1, 1, 128, 128]","['encoder0_attn_q_proj', 'encoder0_attn_k_proj']",10,"{""input1->matmul"": {""enclave_get_ms"": 0.0}, ""input2->matmul"": {""enclave_get_ms"": 0.0}, ""matmul->output"": {""enclave_store_ms"": 0.0}}",0.0,0.0,78848,78848,60,78908,0,0,78848,1,60
encoder0_attn_head2_softmax,Softmax,Encoder0_Head2,Enclave,0.2900612005760195,0.036931269967737476,0.25583400201867335,0.39214999924297445,0.3523564997522043,0.38419129934482044,0.0,0.0,0.0,0.0,65536,65536,"[1, 1, 128, 128]","[1, 1, 128, 128]",['encoder0_attn_head2_qk_matmul'],10,"{""input->op"": {""enclave_get_ms"": 0.0}, ""op->output"": {""enclave_store_ms"": 0.0}}",0.0,0.0,131072,131072,60,131132,0,0,131072,1,60
encoder0_attn_head2_attn_v_matmul,MatMul,Encoder0_Head2,Enclave,0.27173640082764905,0.05528111788258402,0.2333289994567167,0.43330900007276796,0.3620978503022341,0.4190667701186612,0.0,0.0,0.0,0.0,78848,13312,"[1, 1, 128, 128]","[1, 1, 128, 26]","['encoder0_attn_head2_softmax', 'encoder0_attn_v_proj']",10,"{""input1->matmul"": {""enclave_get_ms"": 0.0}, ""input2->matmul"": {""enclave_get_ms"": 0.0}, ""matmul->output"": {""enclave_store_ms"": 0.0}}",0.0,0.0,78848,78848,60,78908,0,0,78848,1,60
encoder0_attn_head3_qk_matmul,MatMul,Encoder0_Head3,Enclave,0.30426280027313624,0.09323091169015364,0.2384550025453791,0.5625099984172266,0.4753076491397221,0.5450695285617257,0.0,0.0,0.0,0.0,26624,65536,"[1, 1, 128, 26]","[1, 1, 128, 128]","['encoder0_attn_q_proj', 'encoder0_attn_k_proj']",10,"{""input1->matmul"": {""enclave_get_ms"": 0.0}, ""input2->matmul"": {""enclave_get_ms"": 0.0}, ""matmul->output"": {""enclave_store_ms"": 0.0}}",0.0,0.0,78848,78848,60,78908,0,0,78848,1,60
encoder0_attn_head3_softmax,Softmax,Encoder0_Head3,Enclave,0.28078960058337543,0.026565438379132573,0.26027300191344693,0.35417999970377423,0.32800709941511735,0.34894541964604286,0.0,0.0,0.0,0.0,65536,65536,"[1, 1, 128, 128]","[1, 1, 128, 128]",['encoder0_attn_head3_qk_matmul'],10,"{""input->op"": {""enclave_get_ms"": 0.0}, ""op->output"": {""enclave_store_ms"": 0.0}}",0.0,0.0,131072,131072,60,131132,0,0,131072,1,60
encoder0_attn_head3_attn_v_matmul,MatMul,Encoder0_Head3,Enclave,0.25814679902396165,0.020325836819023082,0.2279820000694599,0.3046689998882357,0.2893811501053278,0.30161142993165413,0.0,0.0,0.0,0.0,78848,13312,"[1, 1, 128, 128]","[1, 1, 128, 26]","['encoder0_attn_head3_softmax', 'encoder0_attn_v_proj']",10,"{""input1->matmul"": {""enclave_get_ms"": 0.0}, ""input2->matmul"": {""enclave_get_ms"": 0.0}, ""matmul->output"": {""enclave_store_ms"": 0.0}}",0.0,0.0,78848,78848,60,78908,0,0,78848,1,60
encoder0_attn_head4_qk_matmul,MatMul,Encoder0_Head4,Enclave,0.26881620033236686,0.08467294607629956,0.23066100038704462,0.5217940015427303,0.40304845024365904,0.4980448912829161,0.0,0.0,0.0,0.0,26624,65536,"[1, 1, 128, 26]","[1, 1, 128, 128]","['encoder0_attn_q_proj', 'encoder0_attn_k_proj']",10,"{""input1->matmul"": {""enclave_get_ms"": 0.0}, ""input2->matmul"": {""enclave_get_ms"": 0.0}, ""matmul->output"": {""enclave_store_ms"": 0.0}}",0.0,0.0,78848,78848,60,78908,0,0,78848,1,60
encoder0_attn_head4_softmax,Softmax,Encoder0_Head4,Enclave,0.2603307999379467,0.00885282212197645,0.24883799778763205,0.2828760007105302,0.27637080074782716,0.2815749607179896,0.0,0.0,0.0,0.0,65536,65536,"[1, 1, 128, 128]","[1, 1, 128, 128]",['encoder0_attn_head4_qk_matmul'],10,"{""input->op"": {""enclave_get_ms"": 0.0}, ""op->output"": {""enclave_store_ms"": 0.0}}",0.0,0.0,131072,131072,60,131132,0,0,131072,1,60
encoder0_attn_head4_attn_v_matmul,MatMul,Encoder0_Head4,Enclave,0.27755280025303364,0.06237389573846027,0.22677300148643553,0.4087750021426473,0.39036370162648376,0.4050927420394146,0.0,0.0,0.0,0.0,78848,13312,"[1, 1, 128, 128]","[1, 1, 128, 26]","['encoder0_attn_head4_softmax', 'encoder0_attn_v_proj']",10,"{""input1->matmul"": {""enclave_get_ms"": 0.0}, ""input2->matmul"": {""enclave_get_ms"": 0.0}, ""matmul->output"": {""enclave_store_ms"": 0.0}}",0.0,0.0,78848,78848,60,78908,0,0,78848,1,60
encoder0_attn_head5_qk_matmul,MatMul,Encoder0_Head5,Enclave,0.30744389987376053,0.12295275670410045,0.22340200303005986,0.5792840020149015,0.5521247006981865,0.5738521417515585,0.0,0.0,0.0,0.0,26624,65536,"[1, 1, 128, 26]","[1, 1, 128, 128]","['encoder0_attn_q_proj', 'encoder0_attn_k_proj']",10,"{""input1->matmul"": {""enclave_get_ms"": 0.0}, ""input2->matmul"": {""enclave_get_ms"": 0.0}, ""matmul->output"": {""enclave_store_ms"": 0.0}}",0.0,0.0,78848,78848,60,78908,0,0,78848,1,60
encoder0_attn_head5_softmax,Softmax,Encoder0_Head5,Enclave,0.2758384998742258,0.015176811539328426,0.25886900039040484,0.31151400253293104,0.30308505265566055,0.30982821255747695,0.0,0.0,0.0,0.0,65536,65536,"[1, 1, 128, 128]","[1, 1, 128, 128]",['encoder0_attn_head5_qk_matmul'],10,"{""input->op"": {""enclave_get_ms"": 0.0}, ""op->output"": {""enclave_store_ms"": 0.0}}",0.0,0.0,131072,131072,60,131132,0,0,131072,1,60
encoder0_attn_head5_attn_v_matmul,MatMul,Encoder0_Head5,Enclave,0.25851949940260965,0.02485836920598752,0.22762400112696923,0.3244279978389386,0.3003988986165495,0.3196221779944608,0.0,0.0,0.0,0.0,78848,13312,"[1, 1, 128, 128]","[1, 1, 128, 26]","['encoder0_attn_head5_softmax', 'encoder0_attn_v_proj']",10,"{""input1->matmul"": {""enclave_get_ms"": 0.0}, ""input2->matmul"": {""enclave_get_ms"": 0.0}, ""matmul->output"": {""enclave_store_ms"": 0.0}}",0.0,0.0,78848,78848,60,78908,0,0,78848,1,60
encoder0_attn_head6_qk_matmul,MatMul,Encoder0_Head6,Enclave,0.27437660028226674,0.09810209431895675,0.22718200125382282,0.5671599974448327,0.42951219857059153,0.5396304376699845,0.0,0.0,0.0,0.0,26624,65536,"[1, 1, 128, 26]","[1, 1, 128, 128]","['encoder0_attn_q_proj', 'encoder0_attn_k_proj']",10,"{""input1->matmul"": {""enclave_get_ms"": 0.0}, ""input2->matmul"": {""enclave_get_ms"": 0.0}, ""matmul->output"": {""enclave_store_ms"": 0.0}}",0.0,0.0,78848,78848,60,78908,0,0,78848,1,60
encoder0_attn_head6_softmax,Softmax,Encoder0_Head6,Enclave,0.2775435998046305,0.012685462391440725,0.25630600066506304,0.2967629989143461,0.29315489900909597,0.2960413789332961,0.0,0.0,0.0,0.0,65536,65536,"[1, 1, 128, 128]","[1, 1, 128, 128]",['encoder0_attn_head6_qk_matmul'],10,"{""input->op"": {""enclave_get_ms"": 0.0}, ""op->output"": {""enclave_store_ms"": 0.0}}",0.0,0.0,131072,131072,60,131132,0,0,131072,1,60
encoder0_attn_head6_attn_v_matmul,MatMul,Encoder0_Head6,Enclave,0.24609210013295524,0.012379600483683008,0.22437799998442642,0.26849099958781153,0.26362244971096516,0.26751728961244226,0.0,0.0,0.0,0.0,78848,13312,"[1, 1, 128, 128]","[1, 1, 128, 26]","['encoder0_attn_head6_softmax', 'encoder0_attn_v_proj']",10,"{""input1->matmul"": {""enclave_get_ms"": 0.0}, ""input2->matmul"": {""enclave_get_ms"": 0.0}, ""matmul->output"": {""enclave_store_ms"": 0.0}}",0.0,0.0,78848,78848,60,78908,0,0,78848,1,60
encoder0_attn_head7_qk_matmul,MatMul,Encoder0_Head7,Enclave,0.2716826998948818,0.10103820231811125,0.22374900072463788,0.572520999412518,0.43603149933915086,0.5452230993978446,0.0,0.0,0.0,0.0,26624,65536,"[1, 1, 128, 26]","[1, 1, 128, 128]","['encoder0_attn_q_proj', 'encoder0_attn_k_proj']",10,"{""input1->matmul"": {""enclave_get_ms"": 0.0}, ""input2->matmul"": {""enclave_get_ms"": 0.0}, ""matmul->output"": {""enclave_store_ms"": 0.0}}",0.0,0.0,78848,78848,60,78908,0,0,78848,1,60
encoder0_attn_head7_softmax,Softmax,Encoder0_Head7,Enclave,0.2731194002990378,0.016075903537854364,0.2492200001142919,0.2964369996334426,0.29525980062317103,0.2962015598313883,0.0,0.0,0.0,0.0,65536,65536,"[1, 1, 128, 128]","[1, 1, 128, 128]",['encoder0_attn_head7_qk_matmul'],10,"{""input->op"": {""enclave_get_ms"": 0.0}, ""op->output"": {""enclave_store_ms"": 0.0}}",0.0,0.0,131072,131072,60,131132,0,0,131072,1,60
encoder0_attn_head7_attn_v_matmul,MatMul,Encoder0_Head7,Enclave,0.24089019898383413,0.015083143972011461,0.2201509996666573,0.26039899967145175,0.2588577493952471,0.2600907496162108,0.0,0.0,0.0,0.0,78848,13312,"[1, 1, 128, 128]","[1, 1, 128, 26]","['encoder0_attn_head7_softmax', 'encoder0_attn_v_proj']",10,"{""input1->matmul"": {""enclave_get_ms"": 0.0}, ""input2->matmul"": {""enclave_get_ms"": 0.0}, ""matmul->output"": {""enclave_store_ms"": 0.0}}",0.0,0.0,78848,78848,60,78908,0,0,78848,1,60
encoder0_attn_head8_qk_matmul,MatMul,Encoder0_Head8,Enclave,0.23987819949979894,0.009771835991522312,0.2273030004289467,0.2596649974293541,0.25671074818092166,0.2590741475796676,0.0,0.0,0.0,0.0,26624,65536,"[1, 1, 128, 26]","[1, 1, 128, 128]","['encoder0_attn_q_proj', 'encoder0_attn_k_proj']",10,"{""input1->matmul"": {""enclave_get_ms"": 0.0}, ""input2->matmul"": {""enclave_get_ms"": 0.0}, ""matmul->output"": {""enclave_store_ms"": 0.0}}",0.0,0.0,78848,78848,60,78908,0,0,78848,1,60
encoder0_attn_head8_softmax,Softmax,Encoder0_Head8,Enclave,0.2749921004578937,0.0211017518584004,0.2597579987195786,0.33295300090685487,0.31400125099025894,0.3291626509235357,0.0,0.0,0.0,0.0,65536,65536,"[1, 1, 128, 128]","[1, 1, 128, 128]",['encoder0_attn_head8_qk_matmul'],10,"{""input->op"": {""enclave_get_ms"": 0.0}, ""op->output"": {""enclave_store_ms"": 0.0}}",0.0,0.0,131072,131072,60,131132,0,0,131072,1,60
encoder0_attn_head8_attn_v_matmul,MatMul,Encoder0_Head8,Enclave,0.26020470104413107,0.04555483438926802,0.2301740023540333,0.39329300125245936,0.3340532015499774,0.381445041311963,0.0,0.0,0.0,0.0,78848,13312,"[1, 1, 128, 128]","[1, 1, 128, 26]","['encoder0_attn_head8_softmax', 'encoder0_attn_v_proj']",10,"{""input1->matmul"": {""enclave_get_ms"": 0.0}, ""input2->matmul"": {""enclave_get_ms"": 0.0}, ""matmul->output"": {""enclave_store_ms"": 0.0}}",0.0,0.0,78848,78848,60,78908,0,0,78848,1,60
encoder0_attn_head9_qk_matmul,MatMul,Encoder0_Head9,Enclave,0.23785900011716876,0.01268120177920148,0.22528599947690964,0.2607790011097677,0.26075290097651305,0.2607737810831168,0.0,0.0,0.0,0.0,26624,65536,"[1, 1, 128, 26]","[1, 1, 128, 128]","['encoder0_attn_q_proj', 'encoder0_attn_k_proj']",10,"{""input1->matmul"": {""enclave_get_ms"": 0.0}, ""input2->matmul"": {""enclave_get_ms"": 0.0}, ""matmul->output"": {""enclave_store_ms"": 0.0}}",0.0,0.0,78848,78848,60,78908,0,0,78848,1,60
encoder0_attn_head9_softmax,Softmax,Encoder0_Head9,Enclave,0.26228509996144567,0.011418349638413539,0.2484620017639827,0.2801240007102024,0.2789373507766868,0.27988667072349926,0.0,0.0,0.0,0.0,65536,65536,"[1, 1, 128, 128]","[1, 1, 128, 128]",['encoder0_attn_head9_qk_matmul'],10,"{""input->op"": {""enclave_get_ms"": 0.0}, ""op->output"": {""enclave_store_ms"": 0.0}}",0.0,0.0,131072,131072,60,131132,0,0,131072,1,60
encoder0_attn_head9_attn_v_matmul,MatMul,Encoder0_Head9,Enclave,0.23405120009556413,0.007665822773940327,0.226606000069296,0.24737100102356635,0.24575820007157745,0.24704844083316857,0.0,0.0,0.0,0.0,78848,13312,"[1, 1, 128, 128]","[1, 1, 128, 26]","['encoder0_attn_head9_softmax', 'encoder0_attn_v_proj']",10,"{""input1->matmul"": {""enclave_get_ms"": 0.0}, ""input2->matmul"": {""enclave_get_ms"": 0.0}, ""matmul->output"": {""enclave_store_ms"": 0.0}}",0.0,0.0,78848,78848,60,78908,0,0,78848,1,60
encoder0_attn_head10_qk_matmul,MatMul,Encoder0_Head10,Enclave,0.23568230026285164,0.01772960200179395,0.22431400066125207,0.28453400227590464,0.2681909019884187,0.28126538221840747,0.0,0.0,0.0,0.0,26624,65536,"[1, 1, 128, 26]","[1, 1, 128, 128]","['encoder0_attn_q_proj', 'encoder0_attn_k_proj']",10,"{""input1->matmul"": {""enclave_get_ms"": 0.0}, ""input2->matmul"": {""enclave_get_ms"": 0.0}, ""matmul->output"": {""enclave_store_ms"": 0.0}}",0.0,0.0,78848,78848,60,78908,0,0,78848,1,60
encoder0_attn_head10_softmax,Softmax,Encoder0_Head10,Enclave,0.25678600031824317,0.008668572094623636,0.24426700110780075,0.27173499984201044,0.2705348504605354,0.2714949699657154,0.0,0.0,0.0,0.0,65536,65536,"[1, 1, 128, 128]","[1, 1, 128, 128]",['encoder0_attn_head10_qk_matmul'],10,"{""input->op"": {""enclave_get_ms"": 0.0}, ""op->output"": {""enclave_store_ms"": 0.0}}",0.0,0.0,131072,131072,60,131132,0,0,131072,1,60
encoder0_attn_head10_attn_v_matmul,MatMul,Encoder0_Head10,Enclave,0.24433980033791158,0.03483022377745679,0.22646199795417488,0.3453210010775365,0.30484170147246903,0.337225141156523,0.0,0.0,0.0,0.0,78848,13312,"[1, 1, 128, 128]","[1, 1, 128, 26]","['encoder0_attn_head10_softmax', 'encoder0_attn_v_proj']",10,"{""input1->matmul"": {""enclave_get_ms"": 0.0}, ""input2->matmul"": {""enclave_get_ms"": 0.0}, ""matmul->output"": {""enclave_store_ms"": 0.0}}",0.0,0.0,78848,78848,60,78908,0,0,78848,1,60
encoder0_attn_head11_qk_matmul,MatMul,Encoder0_Head11,Enclave,0.2546602005168097,0.032337563343218634,0.22544800231116824,0.32252199889626354,0.3150636995997047,0.3210303390369518,0.0,0.0,0.0,0.0,26624,65536,"[1, 1, 128, 26]","[1, 1, 128, 128]","['encoder0_attn_q_proj', 'encoder0_attn_k_proj']",10,"{""input1->matmul"": {""enclave_get_ms"": 0.0}, ""input2->matmul"": {""enclave_get_ms"": 0.0}, ""matmul->output"": {""enclave_store_ms"": 0.0}}",0.0,0.0,78848,78848,60,78908,0,0,78848,1,60
encoder0_attn_head11_softmax,Softmax,Encoder0_Head11,Enclave,0.2719916996284155,0.01594964016983614,0.24403999850619584,0.2970530003949534,0.2954257995952503,0.2967275602350128,0.0,0.0,0.0,0.0,65536,65536,"[1, 1, 128, 128]","[1, 1, 128, 128]",['encoder0_attn_head11_qk_matmul'],10,"{""input->op"": {""enclave_get_ms"": 0.0}, ""op->output"": {""enclave_store_ms"": 0.0}}",0.0,0.0,131072,131072,60,131132,0,0,131072,1,60
encoder0_attn_head11_attn_v_matmul,MatMul,Encoder0_Head11,Enclave,0.25123669984168373,0.02391648158276463,0.23174299712991342,0.318153000989696,0.2900379007769515,0.3125299809471471,0.0,0.0,0.0,0.0,78848,13312,"[1, 1, 128, 128]","[1, 1, 128, 26]","['encoder0_attn_head11_softmax', 'encoder0_attn_v_proj']",10,"{""input1->matmul"": {""enclave_get_ms"": 0.0}, ""input2->matmul"": {""enclave_get_ms"": 0.0}, ""matmul->output"": {""enclave_store_ms"": 0.0}}",0.0,0.0,78848,78848,60,78908,0,0,78848,1,60
encoder0_attn_out_proj,Linear,Encoder0,Enclave,0.704413399216719,0.13986613792724523,0.5326579994289204,0.8788049999566283,0.8588897993831779,0.8748219598419382,0.0,0.0,0.0,0.0,159744,159744,"[1, 128, 312]","[1, 128, 312]","['encoder0_attn_head0_attn_v_matmul', 'encoder0_attn_head1_attn_v_matmul', 'encoder0_attn_head2_attn_v_matmul', 'encoder0_attn_head3_attn_v_matmul', 'encoder0_attn_head4_attn_v_matmul', 'encoder0_attn_head5_attn_v_matmul', 'encoder0_attn_head6_attn_v_matmul', 'encoder0_attn_head7_attn_v_matmul', 'encoder0_attn_head8_attn_v_matmul', 'encoder0_attn_head9_attn_v_matmul', 'encoder0_attn_head10_attn_v_matmul', 'encoder0_attn_head11_attn_v_matmul']",10,"{""input->op"": {""enclave_get_ms"": 0.0}, ""op->output"": {""enclave_store_ms"": 0.0}}",0.0,0.0,710112,710112,60,710172,389376,1248,319488,1,60
encoder0_norm1,LayerNorm,Encoder0,Enclave,0.17905059939948842,0.01811419520325791,0.15803499991307035,0.22308400002657436,0.2082650506054051,0.2201202101423405,0.0,0.0,0.0,0.0,159744,159744,"[1, 128, 312]","[1, 128, 312]",['encoder0_attn_out_proj'],10,"{""input->op"": {""enclave_get_ms"": 0.0}, ""op->output"": {""enclave_store_ms"": 0.0}}",0.0,0.0,321984,321984,60,322044,1248,1248,319488,1,60
encoder0_ffn_fc1,Linear,Encoder0,Enclave,1.9181600993761094,0.06318945733725088,1.8457359983585775,2.024993998929858,2.023790699786332,2.024753339101153,0.0,0.0,0.0,0.0,159744,614400,"[1, 128, 312]","[1, 128, 1200]",['encoder0_norm1'],10,"{""input->op"": {""enclave_get_ms"": 0.0}, ""op->output"": {""enclave_store_ms"": 0.0}}",0.0,0.0,2276544,2276544,60,2276604,1497600,4800,774144,1,60
encoder0_ffn_gelu,GELU,Encoder0,Enclave,3.8823723003588384,0.18528933411024184,3.7629650032613426,4.4279249996179715,4.187865749008778,4.379913149496133,0.0,0.0,0.0,0.0,614400,614400,"[1, 128, 1200]","[1, 128, 1200]",['encoder0_ffn_fc1'],10,"{""input->op"": {""enclave_get_ms"": 0.0}, ""op->output"": {""enclave_store_ms"": 0.0}}",0.0,0.0,1228800,1228800,60,1228860,0,0,1228800,1,60
encoder0_ffn_fc2,Linear,Encoder0,Enclave,1.677848899635137,0.028934630155017134,1.6462009989481885,1.7263920017285272,1.7201050504809245,1.7251346114790067,0.0,0.0,0.0,0.0,614400,159744,"[1, 128, 1200]","[1, 128, 312]",['encoder0_ffn_gelu'],10,"{""input->op"": {""enclave_get_ms"": 0.0}, ""op->output"": {""enclave_store_ms"": 0.0}}",0.0,0.0,2272992,2272992,60,2273052,1497600,1248,774144,1,60
encoder0_norm2,LayerNorm,Encoder0,Enclave,0.1827490999858128,0.020700209268062163,0.16019900067476556,0.22581099983653985,0.21515814933081853,0.2236804297353956,0.0,0.0,0.0,0.0,159744,159744,"[1, 128, 312]","[1, 128, 312]",['encoder0_ffn_fc2'],10,"{""input->op"": {""enclave_get_ms"": 0.0}, ""op->output"": {""enclave_store_ms"": 0.0}}",0.0,0.0,321984,321984,60,322044,1248,1248,319488,1,60
encoder1_attn_q_proj,Linear,Encoder1,Enclave,0.7977023997227661,0.11471996055621587,0.5630129999190103,0.8766309983911924,0.8697540986759122,0.8752556184481364,0.0,0.0,0.0,0.0,159744,159744,"[1, 128, 312]","[1, 128, 312]",['encoder0_norm2'],10,"{""input->op"": {""enclave_get_ms"": 0.0}, ""op->output"": {""enclave_store_ms"": 0.0}}",0.0,0.0,710112,710112,60,710172,389376,1248,319488,1,60
encoder1_attn_k_proj,Linear,Encoder1,Enclave,0.7114192001608899,0.12760704605008544,0.5384770011005457,0.8461969991913065,0.845443250000244,0.846046249353094,0.0,0.0,0.0,0.0,159744,159744,"[1, 128, 312]","[1, 128, 312]",['encoder0_norm2'],10,"{""input->op"": {""enclave_get_ms"": 0.0}, ""op->output"": {""enclave_store_ms"": 0.0}}",0.0,0.0,710112,710112,60,710172,389376,1248,319488,1,60
encoder1_attn_v_proj,Linear,Encoder1,Enclave,0.7936457008327125,0.12236878359220371,0.5442549991130363,0.8835000007820781,0.8811595507722814,0.8830319107801188,0.0,0.0,0.0,0.0,159744,159744,"[1, 128, 312]","[1, 128, 312]",['encoder0_norm2'],10,"{""input->op"": {""enclave_get_ms"": 0.0}, ""op->output"": {""enclave_store_ms"": 0.0}}",0.0,0.0,710112,710112,60,710172,389376,1248,319488,1,60
encoder1_attn_head0_qk_matmul,MatMul,Encoder1_Head0,Enclave,0.23829690035199746,0.012675465031240675,0.2251719997730106,0.2605009976832662,0.25781989861570764,0.25996477786975447,0.0,0.0,0.0,0.0,26624,65536,"[1, 1, 128, 26]","[1, 1, 128, 128]","['encoder1_attn_q_proj', 'encoder1_attn_k_proj']",10,"{""input1->matmul"": {""enclave_get_ms"": 0.0}, ""input2->matmul"": {""enclave_get_ms"": 0.0}, ""matmul->output"": {""enclave_store_ms"": 0.0}}",0.0,0.0,78848,78848,60,78908,0,0,78848,1,60
encoder1_attn_head0_softmax,Softmax,Encoder1_Head0,Enclave,0.26434419996803626,0.015494926736030467,0.24677500186953694,0.29211299988674,0.2900146493630018,0.29169332978199236,0.0,0.0,0.0,0.0,65536,65536,"[1, 1, 128, 128]","[1, 1, 128, 128]",['encoder1_attn_head0_qk_matmul'],10,"{""input->op"": {""enclave_get_ms"": 0.0}, ""op->output"": {""enclave_store_ms"": 0.0}}",0.0,0.0,131072,131072,60,131132,0,0,131072,1,60
encoder1_attn_head0_attn_v_matmul,MatMul,Encoder1_Head0,Enclave,0.26930229978461284,0.045365507463625006,0.23102699924493209,0.38793000203440897,0.35154210090695404,0.380652421808918,0.0,0.0,0.0,0.0,78848,13312,"[1, 1, 128, 128]","[1, 1, 128, 26]","['encoder1_attn_head0_softmax', 'encoder1_attn_v_proj']",10,"{""input1->matmul"": {""enclave_get_ms"": 0.0}, ""input2->matmul"": {""enclave_get_ms"": 0.0}, ""matmul->output"": {""enclave_store_ms"": 0.0}}",0.0,0.0,78848,78848,60,78908,0,0,78848,1,60
encoder1_attn_head1_qk_matmul,MatMul,Encoder1_Head1,Enclave,0.2397495998593513,0.01055289785865293,0.22805999833508395,0.263549001829233,0.2569578513430315,0.2622307717319927,0.0,0.0,0.0,0.0,26624,65536,"[1, 1, 128, 26]","[1, 1, 128, 128]","['encoder1_attn_q_proj', 'encoder1_attn_k_proj']",10,"{""input1->matmul"": {""enclave_get_ms"": 0.0}, ""input2->matmul"": {""enclave_get_ms"": 0.0}, ""matmul->output"": {""enclave_store_ms"": 0.0}}",0.0,0.0,78848,78848,60,78908,0,0,78848,1,60
encoder1_attn_head1_softmax,Softmax,Encoder1_Head1,Enclave,0.26508740011195187,0.027864803246556557,0.23992900241864845,0.31740400299895555,0.31631230103812413,0.31718566260678926,0.0,0.0,0.0,0.0,65536,65536,"[1, 1, 128, 128]","[1, 1, 128, 128]",['encoder1_attn_head1_qk_matmul'],10,"{""input->op"": {""enclave_get_ms"": 0.0}, ""op->output"": {""enclave_store_ms"": 0.0}}",0.0,0.0,131072,131072,60,131132,0,0,131072,1,60
encoder1_attn_head1_attn_v_matmul,MatMul,Encoder1_Head1,Enclave,0.2819921002810588,0.08225704897834017,0.2355639990128111,0.5198889994062483,0.42486610036576145,0.500884419598151,0.0,0.0,0.0,0.0,78848,13312,"[1, 1, 128, 128]","[1, 1, 128, 26]","['encoder1_attn_head1_softmax', 'encoder1_attn_v_proj']",10,"{""input1->matmul"": {""enclave_get_ms"": 0.0}, ""input2->matmul"": {""enclave_get_ms"": 0.0}, ""matmul->output"": {""enclave_store_ms"": 0.0}}",0.0,0.0,78848,78848,60,78908,0,0,78848,1,60
encoder1_attn_head2_qk_matmul,MatMul,Encoder1_Head2,Enclave,0.23306059956667013,0.009671310219418241,0.2213970001321286,0.2563009984442033,0.24884494850994085,0.2548097884573508,0.0,0.0,0.0,0.0,26624,65536,"[1, 1, 128, 26]","[1, 1, 128, 128]","['encoder1_attn_q_proj', 'encoder1_attn_k_proj']",10,"{""input1->matmul"": {""enclave_get_ms"": 0.0}, ""input2->matmul"": {""enclave_get_ms"": 0.0}, ""matmul->output"": {""enclave_store_ms"": 0.0}}",0.0,0.0,78848,78848,60,78908,0,0,78848,1,60
encoder1_attn_head2_softmax,Softmax,Encoder1_Head2,Enclave,0.2614934001030633,0.018569168811011793,0.24062200100161135,0.3014249996340368,0.2895098999943002,0.2990419797060895,0.0,0.0,0.0,0.0,65536,65536,"[1, 1, 128, 128]","[1, 1, 128, 128]",['encoder1_attn_head2_qk_matmul'],10,"{""input->op"": {""enclave_get_ms"": 0.0}, ""op->output"": {""enclave_store_ms"": 0.0}}",0.0,0.0,131072,131072,60,131132,0,0,131072,1,60
encoder1_attn_head2_attn_v_matmul,MatMul,Encoder1_Head2,Enclave,0.26722059992607683,0.05810519932025889,0.2320709972991608,0.4074360003869515,0.38253615075518604,0.4024560304605984,0.0,0.0,0.0,0.0,78848,13312,"[1, 1, 128, 128]","[1, 1, 128, 26]","['encoder1_attn_head2_softmax', 'encoder1_attn_v_proj']",10,"{""input1->matmul"": {""enclave_get_ms"": 0.0}, ""input2->matmul"": {""enclave_get_ms"": 0.0}, ""matmul->output"": {""enclave_store_ms"": 0.0}}",0.0,0.0,78848,78848,60,78908,0,0,78848,1,60
encoder1_attn_head3_qk_matmul,MatMul,Encoder1_Head3,Enclave,0.22985949981375597,0.007376144934834523,0.22228799934964627,0.24383300115005113,0.2410115019301884,0.24326870130607858,0.0,0.0,0.0,0.0,26624,65536,"[1, 1, 128, 26]","[1, 1, 128, 128]","['encoder1_attn_q_proj', 'encoder1_attn_k_proj']",10,"{""input1->matmul"": {""enclave_get_ms"": 0.0}, ""input2->matmul"": {""enclave_get_ms"": 0.0}, ""matmul->output"": {""enclave_store_ms"": 0.0}}",0.0,0.0,78848,78848,60,78908,0,0,78848,1,60
encoder1_attn_head3_softmax,Softmax,Encoder1_Head3,Enclave,0.26113310013897717,0.011653082944153991,0.246430001425324,0.2902830019593239,0.2795532000163803,0.28813704157073516,0.0,0.0,0.0,0.0,65536,65536,"[1, 1, 128, 128]","[1, 1, 128, 128]",['encoder1_attn_head3_qk_matmul'],10,"{""input->op"": {""enclave_get_ms"": 0.0}, ""op->output"": {""enclave_store_ms"": 0.0}}",0.0,0.0,131072,131072,60,131132,0,0,131072,1,60
encoder1_attn_head3_attn_v_matmul,MatMul,Encoder1_Head3,Enclave,0.26836129945877474,0.05555611207491129,0.23788699763827026,0.432584998634411,0.3601772994443307,0.418103458796395,0.0,0.0,0.0,0.0,78848,13312,"[1, 1, 128, 128]","[1, 1, 128, 26]","['encoder1_attn_head3_softmax', 'encoder1_attn_v_proj']",10,"{""input1->matmul"": {""enclave_get_ms"": 0.0}, ""input2->matmul"": {""enclave_get_ms"": 0.0}, ""matmul->output"": {""enclave_store_ms"": 0.0}}",0.0,0.0,78848,78848,60,78908,0,0,78848,1,60
encoder1_attn_head4_qk_matmul,MatMul,Encoder1_Head4,Enclave,0.25340060019516386,0.03330803158162436,0.22555599935003556,0.3360230002726894,0.31723369884275593,0.3322651399867027,0.0,0.0,0.0,0.0,26624,65536,"[1, 1, 128, 26]","[1, 1, 128, 128]","['encoder1_attn_q_proj', 'encoder1_attn_k_proj']",10,"{""input1->matmul"": {""enclave_get_ms"": 0.0}, ""input2->matmul"": {""enclave_get_ms"": 0.0}, ""matmul->output"": {""enclave_store_ms"": 0.0}}",0.0,0.0,78848,78848,60,78908,0,0,78848,1,60
encoder1_attn_head4_softmax,Softmax,Encoder1_Head4,Enclave,0.2595416004623985,0.01819436647877006,0.24414300060016103,0.3056409987038933,0.29312199931155186,0.303137198825425,0.0,0.0,0.0,0.0,65536,65536,"[1, 1, 128, 128]","[1, 1, 128, 128]",['encoder1_attn_head4_qk_matmul'],10,"{""input->op"": {""enclave_get_ms"": 0.0}, ""op->output"": {""enclave_store_ms"": 0.0}}",0.0,0.0,131072,131072,60,131132,0,0,131072,1,60
encoder1_attn_head4_attn_v_matmul,MatMul,Encoder1_Head4,Enclave,0.25132439986919053,0.02619017449210668,0.22547899789060466,0.3192730000591837,0.2949365501990541,0.3144057100871578,0.0,0.0,0.0,0.0,78848,13312,"[1, 1, 128, 128]","[1, 1, 128, 26]","['encoder1_attn_head4_softmax', 'encoder1_attn_v_proj']",10,"{""input1->matmul"": {""enclave_get_ms"": 0.0}, ""input2->matmul"": {""enclave_get_ms"": 0.0}, ""matmul->output"": {""enclave_store_ms"": 0.0}}",0.0,0.0,78848,78848,60,78908,0,0,78848,1,60
encoder1_attn_head5_qk_matmul,MatMul,Encoder1_Head5,Enclave,0.2387038999586366,0.00952628456421558,0.2273030004289467,0.25870500030578114,0.2533684504669509,0.2576376903380151,0.0,0.0,0.0,0.0,26624,65536,"[1, 1, 128, 26]","[1, 1, 128, 128]","['encoder1_attn_q_proj', 'encoder1_attn_k_proj']",10,"{""input1->matmul"": {""enclave_get_ms"": 0.0}, ""input2->matmul"": {""enclave_get_ms"": 0.0}, ""matmul->output"": {""enclave_store_ms"": 0.0}}",0.0,0.0,78848,78848,60,78908,0,0,78848,1,60
encoder1_attn_head5_softmax,Softmax,Encoder1_Head5,Enclave,0.2587855004094308,0.013176129403358019,0.24229399787145667,0.28108600236009806,0.2799313018840621,0.2808550622648909,0.0,0.0,0.0,0.0,65536,65536,"[1, 1, 128, 128]","[1, 1, 128, 128]",['encoder1_attn_head5_qk_matmul'],10,"{""input->op"": {""enclave_get_ms"": 0.0}, ""op->output"": {""enclave_store_ms"": 0.0}}",0.0,0.0,131072,131072,60,131132,0,0,131072,1,60
encoder1_attn_head5_attn_v_matmul,MatMul,Encoder1_Head5,Enclave,0.26310659959563054,0.0527518149994126,0.2279779982927721,0.4168129999015946,0.3517772009217877,0.40380584010563325,0.0,0.0,0.0,0.0,78848,13312,"[1, 1, 128, 128]","[1, 1, 128, 26]","['encoder1_attn_head5_softmax', 'encoder1_attn_v_proj']",10,"{""input1->matmul"": {""enclave_get_ms"": 0.0}, ""input2->matmul"": {""enclave_get_ms"": 0.0}, ""matmul->output"": {""enclave_store_ms"": 0.0}}",0.0,0.0,78848,78848,60,78908,0,0,78848,1,60
encoder1_attn_head6_qk_matmul,MatMul,Encoder1_Head6,Enclave,0.27446390013210475,0.09836687220325956,0.22245799846132286,0.5646210011036601,0.4377781515358944,0.539252431190107,0.0,0.0,0.0,0.0,26624,65536,"[1, 1, 128, 26]","[1, 1, 128, 128]","['encoder1_attn_q_proj', 'encoder1_attn_k_proj']",10,"{""input1->matmul"": {""enclave_get_ms"": 0.0}, ""input2->matmul"": {""enclave_get_ms"": 0.0}, ""matmul->output"": {""enclave_store_ms"": 0.0}}",0.0,0.0,78848,78848,60,78908,0,0,78848,1,60
encoder1_attn_head6_softmax,Softmax,Encoder1_Head6,Enclave,0.2604876000987133,0.011091180083414929,0.24711199876037426,0.2795890031848103,0.27699475176632404,0.27907015290111303,0.0,0.0,0.0,0.0,65536,65536,"[1, 1, 128, 128]","[1, 1, 128, 128]",['encoder1_attn_head6_qk_matmul'],10,"{""input->op"": {""enclave_get_ms"": 0.0}, ""op->output"": {""enclave_store_ms"": 0.0}}",0.0,0.0,131072,131072,60,131132,0,0,131072,1,60
encoder1_attn_head6_attn_v_matmul,MatMul,Encoder1_Head6,Enclave,0.24524360051145777,0.011155375375105865,0.23375699674943462,0.26914400223176926,0.261987200974545,0.2677126419803244,0.0,0.0,0.0,0.0,78848,13312,"[1, 1, 128, 128]","[1, 1, 128, 26]","['encoder1_attn_head6_softmax', 'encoder1_attn_v_proj']",10,"{""input1->matmul"": {""enclave_get_ms"": 0.0}, ""input2->matmul"": {""enclave_get_ms"": 0.0}, ""matmul->output"": {""enclave_store_ms"": 0.0}}",0.0,0.0,78848,78848,60,78908,0,0,78848,1,60
encoder1_attn_head7_qk_matmul,MatMul,Encoder1_Head7,Enclave,0.23626600013813004,0.01056130296407584,0.22477599850390106,0.2553869999246672,0.25300784909632057,0.25491116975899786,0.0,0.0,0.0,0.0,26624,65536,"[1, 1, 128, 26]","[1, 1, 128, 128]","['encoder1_attn_q_proj', 'encoder1_attn_k_proj']",10,"{""input1->matmul"": {""enclave_get_ms"": 0.0}, ""input2->matmul"": {""enclave_get_ms"": 0.0}, ""matmul->output"": {""enclave_store_ms"": 0.0}}",0.0,0.0,78848,78848,60,78908,0,0,78848,1,60
encoder1_attn_head7_softmax,Softmax,Encoder1_Head7,Enclave,0.2770161005173577,0.025046214861035147,0.25309899865533225,0.32986100268317387,0.32097890125442063,0.3280845823974232,0.0,0.0,0.0,0.0,65536,65536,"[1, 1, 128, 128]","[1, 1, 128, 128]",['encoder1_attn_head7_qk_matmul'],10,"{""input->op"": {""enclave_get_ms"": 0.0}, ""op->output"": {""enclave_store_ms"": 0.0}}",0.0,0.0,131072,131072,60,131132,0,0,131072,1,60
encoder1_attn_head7_attn_v_matmul,MatMul,Encoder1_Head7,Enclave,0.25058789942704607,0.04885123646999305,0.22388899742509238,0.391518999094842,0.33793929887906404,0.38080305905168643,0.0,0.0,0.0,0.0,78848,13312,"[1, 1, 128, 128]","[1, 1, 128, 26]","['encoder1_attn_head7_softmax', 'encoder1_attn_v_proj']",10,"{""input1->matmul"": {""enclave_get_ms"": 0.0}, ""input2->matmul"": {""enclave_get_ms"": 0.0}, ""matmul->output"": {""enclave_store_ms"": 0.0}}",0.0,0.0,78848,78848,60,78908,0,0,78848,1,60
encoder1_attn_head8_qk_matmul,MatMul,Encoder1_Head8,Enclave,0.25003350019687787,0.03647737606511372,0.22675599757349119,0.3559559991117567,0.3104686498772934,0.34685852926486405,0.0,0.0,0.0,0.0,26624,65536,"[1, 1, 128, 26]","[1, 1, 128, 128]","['encoder1_attn_q_proj', 'encoder1_attn_k_proj']",10,"{""input1->matmul"": {""enclave_get_ms"": 0.0}, ""input2->matmul"": {""enclave_get_ms"": 0.0}, ""matmul->output"": {""enclave_store_ms"": 0.0}}",0.0,0.0,78848,78848,60,78908,0,0,78848,1,60
encoder1_attn_head8_softmax,Softmax,Encoder1_Head8,Enclave,0.26489889969525393,0.01638593471029003,0.2424810008960776,0.29638100022566505,0.29139589933038224,0.2953839800466085,0.0,0.0,0.0,0.0,65536,65536,"[1, 1, 128, 128]","[1, 1, 128, 128]",['encoder1_attn_head8_qk_matmul'],10,"{""input->op"": {""enclave_get_ms"": 0.0}, ""op->output"": {""enclave_store_ms"": 0.0}}",0.0,0.0,131072,131072,60,131132,0,0,131072,1,60
encoder1_attn_head8_attn_v_matmul,MatMul,Encoder1_Head8,Enclave,0.26541860061115585,0.045667714491219216,0.2247320007882081,0.36623600317398086,0.34969715270563023,0.36292823308031075,0.0,0.0,0.0,0.0,78848,13312,"[1, 1, 128, 128]","[1, 1, 128, 26]","['encoder1_attn_head8_softmax', 'encoder1_attn_v_proj']",10,"{""input1->matmul"": {""enclave_get_ms"": 0.0}, ""input2->matmul"": {""enclave_get_ms"": 0.0}, ""matmul->output"": {""enclave_store_ms"": 0.0}}",0.0,0.0,78848,78848,60,78908,0,0,78848,1,60
encoder1_attn_head9_qk_matmul,MatMul,Encoder1_Head9,Enclave,0.23621309956070036,0.008388079424490493,0.2219119996880181,0.24881200079107657,0.24843805003911257,0.24873721064068377,0.0,0.0,0.0,0.0,26624,65536,"[1, 1, 128, 26]","[1, 1, 128, 128]","['encoder1_attn_q_proj', 'encoder1_attn_k_proj']",10,"{""input1->matmul"": {""enclave_get_ms"": 0.0}, ""input2->matmul"": {""enclave_get_ms"": 0.0}, ""matmul->output"": {""enclave_store_ms"": 0.0}}",0.0,0.0,78848,78848,60,78908,0,0,78848,1,60
encoder1_attn_head9_softmax,Softmax,Encoder1_Head9,Enclave,0.28412699975888245,0.04511227126876274,0.24126000062096864,0.3976849984610453,0.3718198990100063,0.3925119785708375,0.0,0.0,0.0,0.0,65536,65536,"[1, 1, 128, 128]","[1, 1, 128, 128]",['encoder1_attn_head9_qk_matmul'],10,"{""input->op"": {""enclave_get_ms"": 0.0}, ""op->output"": {""enclave_store_ms"": 0.0}}",0.0,0.0,131072,131072,60,131132,0,0,131072,1,60
encoder1_attn_head9_attn_v_matmul,MatMul,Encoder1_Head9,Enclave,0.2586562011856586,0.027660714393539024,0.2252429985674098,0.321356001222739,0.3070707514780224,0.3184989512737957,0.0,0.0,0.0,0.0,78848,13312,"[1, 1, 128, 128]","[1, 1, 128, 26]","['encoder1_attn_head9_softmax', 'encoder1_attn_v_proj']",10,"{""input1->matmul"": {""enclave_get_ms"": 0.0}, ""input2->matmul"": {""enclave_get_ms"": 0.0}, ""matmul->output"": {""enclave_store_ms"": 0.0}}",0.0,0.0,78848,78848,60,78908,0,0,78848,1,60
encoder1_attn_head10_qk_matmul,MatMul,Encoder1_Head10,Enclave,0.24227079993579537,0.011654623301445524,0.22741999782738276,0.2632350006024353,0.2610808514873497,0.2628041707794182,0.0,0.0,0.0,0.0,26624,65536,"[1, 1, 128, 26]","[1, 1, 128, 128]","['encoder1_attn_q_proj', 'encoder1_attn_k_proj']",10,"{""input1->matmul"": {""enclave_get_ms"": 0.0}, ""input2->matmul"": {""enclave_get_ms"": 0.0}, ""matmul->output"": {""enclave_store_ms"": 0.0}}",0.0,0.0,78848,78848,60,78908,0,0,78848,1,60
encoder1_attn_head10_softmax,Softmax,Encoder1_Head10,Enclave,0.27734520044759847,0.02162942223229895,0.25930899937520735,0.3357269997650292,0.31637970096198836,0.331857540004421,0.0,0.0,0.0,0.0,65536,65536,"[1, 1, 128, 128]","[1, 1, 128, 128]",['encoder1_attn_head10_qk_matmul'],10,"{""input->op"": {""enclave_get_ms"": 0.0}, ""op->output"": {""enclave_store_ms"": 0.0}}",0.0,0.0,131072,131072,60,131132,0,0,131072,1,60
encoder1_attn_head10_attn_v_matmul,MatMul,Encoder1_Head10,Enclave,0.2565124006650876,0.04280675717236768,0.22964700110605918,0.3819330013357103,0.32411385072919063,0.3703691712144064,0.0,0.0,0.0,0.0,78848,13312,"[1, 1, 128, 128]","[1, 1, 128, 26]","['encoder1_attn_head10_softmax', 'encoder1_attn_v_proj']",10,"{""input1->matmul"": {""enclave_get_ms"": 0.0}, ""input2->matmul"": {""enclave_get_ms"": 0.0}, ""matmul->output"": {""enclave_store_ms"": 0.0}}",0.0,0.0,78848,78848,60,78908,0,0,78848,1,60
encoder1_attn_head11_qk_matmul,MatMul,Encoder1_Head11,Enclave,0.2416588002233766,0.00878186642169759,0.22246200023801066,0.2525039999454748,0.25182179979310604,0.25236755991500104,0.0,0.0,0.0,0.0,26624,65536,"[1, 1, 128, 26]","[1, 1, 128, 128]","['encoder1_attn_q_proj', 'encoder1_attn_k_proj']",10,"{""input1->matmul"": {""enclave_get_ms"": 0.0}, ""input2->matmul"": {""enclave_get_ms"": 0.0}, ""matmul->output"": {""enclave_store_ms"": 0.0}}",0.0,0.0,78848,78848,60,78908,0,0,78848,1,60
encoder1_attn_head11_softmax,Softmax,Encoder1_Head11,Enclave,0.27810710089397617,0.008520198183156517,0.262790999840945,0.2883420020225458,0.2879428515370819,0.288262171925453,0.0,0.0,0.0,0.0,65536,65536,"[1, 1, 128, 128]","[1, 1, 128, 128]",['encoder1_attn_head11_qk_matmul'],10,"{""input->op"": {""enclave_get_ms"": 0.0}, ""op->output"": {""enclave_store_ms"": 0.0}}",0.0,0.0,131072,131072,60,131132,0,0,131072,1,60
encoder1_attn_head11_attn_v_matmul,MatMul,Encoder1_Head11,Enclave,0.24870509951142594,0.015750937949805487,0.22643899865215644,0.2818139982991852,0.2725246493355371,0.27995612850645557,0.0,0.0,0.0,0.0,78848,13312,"[1, 1, 128, 128]","[1, 1, 128, 26]","['encoder1_attn_head11_softmax', 'encoder1_attn_v_proj']",10,"{""input1->matmul"": {""enclave_get_ms"": 0.0}, ""input2->matmul"": {""enclave_get_ms"": 0.0}, ""matmul->output"": {""enclave_store_ms"": 0.0}}",0.0,0.0,78848,78848,60,78908,0,0,78848,1,60
encoder1_attn_out_proj,Linear,Encoder1,Enclave,0.6599422009458067,0.13965807082462273,0.5181300002732314,0.8487049999530427,0.8431007006947766,0.8475841401013895,0.0,0.0,0.0,0.0,159744,159744,"[1, 128, 312]","[1, 128, 312]","['encoder1_attn_head0_attn_v_matmul', 'encoder1_attn_head1_attn_v_matmul', 'encoder1_attn_head2_attn_v_matmul', 'encoder1_attn_head3_attn_v_matmul', 'encoder1_attn_head4_attn_v_matmul', 'encoder1_attn_head5_attn_v_matmul', 'encoder1_attn_head6_attn_v_matmul', 'encoder1_attn_head7_attn_v_matmul', 'encoder1_attn_head8_attn_v_matmul', 'encoder1_attn_head9_attn_v_matmul', 'encoder1_attn_head10_attn_v_matmul', 'encoder1_attn_head11_attn_v_matmul']",10,"{""input->op"": {""enclave_get_ms"": 0.0}, ""op->output"": {""enclave_store_ms"": 0.0}}",0.0,0.0,710112,710112,60,710172,389376,1248,319488,1,60
encoder1_norm1,LayerNorm,Encoder1,Enclave,0.1727137994748773,0.018146672646565817,0.1566540013300255,0.21357099831220694,0.20744964858749879,0.2123467283672653,0.0,0.0,0.0,0.0,159744,159744,"[1, 128, 312]","[1, 128, 312]",['encoder1_attn_out_proj'],10,"{""input->op"": {""enclave_get_ms"": 0.0}, ""op->output"": {""enclave_store_ms"": 0.0}}",0.0,0.0,321984,321984,60,322044,1248,1248,319488,1,60
encoder1_ffn_fc1,Linear,Encoder1,Enclave,1.8995009999343893,0.03944867614706266,1.8507360000512563,1.9877589984389488,1.9614250002632616,1.9824921988038113,0.0,0.0,0.0,0.0,159744,614400,"[1, 128, 312]","[1, 128, 1200]",['encoder1_norm1'],10,"{""input->op"": {""enclave_get_ms"": 0.0}, ""op->output"": {""enclave_store_ms"": 0.0}}",0.0,0.0,2276544,2276544,60,2276604,1497600,4800,774144,1,60
encoder1_ffn_gelu,GELU,Encoder1,Enclave,3.885548299513175,0.07670263932273799,3.802037001150893,4.079497000930132,4.024870599096175,4.068571720563341,0.0,0.0,0.0,0.0,614400,614400,"[1, 128, 1200]","[1, 128, 1200]",['encoder1_ffn_fc1'],10,"{""input->op"": {""enclave_get_ms"": 0.0}, ""op->output"": {""enclave_store_ms"": 0.0}}",0.0,0.0,1228800,1228800,60,1228860,0,0,1228800,1,60
encoder1_ffn_fc2,Linear,Encoder1,Enclave,1.6597873000137042,0.016689527652097632,1.6404289999627508,1.7018769976857584,1.685755299149605,1.6986526579785277,0.0,0.0,0.0,0.0,614400,159744,"[1, 128, 1200]","[1, 128, 312]",['encoder1_ffn_gelu'],10,"{""input->op"": {""enclave_get_ms"": 0.0}, ""op->output"": {""enclave_store_ms"": 0.0}}",0.0,0.0,2272992,2272992,60,2273052,1497600,1248,774144,1,60
encoder1_norm2,LayerNorm,Encoder1,Enclave,0.18561039978521876,0.01214954287472703,0.1743339998938609,0.21205199664109387,0.20877644874417456,0.21139688706171,0.0,0.0,0.0,0.0,159744,159744,"[1, 128, 312]","[1, 128, 312]",['encoder1_ffn_fc2'],10,"{""input->op"": {""enclave_get_ms"": 0.0}, ""op->output"": {""enclave_store_ms"": 0.0}}",0.0,0.0,321984,321984,60,322044,1248,1248,319488,1,60
encoder2_attn_q_proj,Linear,Encoder2,Enclave,0.6884288999572163,0.14009918612143693,0.5300709999573883,0.8703349994902965,0.8557360995837371,0.8674152195089846,0.0,0.0,0.0,0.0,159744,159744,"[1, 128, 312]","[1, 128, 312]",['encoder1_norm2'],10,"{""input->op"": {""enclave_get_ms"": 0.0}, ""op->output"": {""enclave_store_ms"": 0.0}}",0.0,0.0,710112,710112,60,710172,389376,1248,319488,1,60
encoder2_attn_k_proj,Linear,Encoder2,Enclave,0.7202519987913547,0.12606168238221802,0.5501300001924392,0.8515869994880632,0.8502401487930911,0.8513176293490687,0.0,0.0,0.0,0.0,159744,159744,"[1, 128, 312]","[1, 128, 312]",['encoder1_norm2'],10,"{""input->op"": {""enclave_get_ms"": 0.0}, ""op->output"": {""enclave_store_ms"": 0.0}}",0.0,0.0,710112,710112,60,710172,389376,1248,319488,1,60
encoder2_attn_v_proj,Linear,Encoder2,Enclave,0.6437491996621247,0.11000252001667529,0.5612249988189433,0.8527169993612915,0.8496331482092501,0.8521002291308832,0.0,0.0,0.0,0.0,159744,159744,"[1, 128, 312]","[1, 128, 312]",['encoder1_norm2'],10,"{""input->op"": {""enclave_get_ms"": 0.0}, ""op->output"": {""enclave_store_ms"": 0.0}}",0.0,0.0,710112,710112,60,710172,389376,1248,319488,1,60
encoder2_attn_head0_qk_matmul,MatMul,Encoder2_Head0,Enclave,0.23742599951219745,0.00935992895011232,0.22771099975216202,0.2601289997983258,0.2521329490264179,0.25852978964394424,0.0,0.0,0.0,0.0,26624,65536,"[1, 1, 128, 26]","[1, 1, 128, 128]","['encoder2_attn_q_proj', 'encoder2_attn_k_proj']",10,"{""input1->matmul"": {""enclave_get_ms"": 0.0}, ""input2->matmul"": {""enclave_get_ms"": 0.0}, ""matmul->output"": {""enclave_store_ms"": 0.0}}",0.0,0.0,78848,78848,60,78908,0,0,78848,1,60
encoder2_attn_head0_softmax,Softmax,Encoder2_Head0,Enclave,0.2773720996628981,0.014118615969822704,0.2580399996077176,0.2986739964399021,0.29759354947600514,0.2984579070471227,0.0,0.0,0.0,0.0,65536,65536,"[1, 1, 128, 128]","[1, 1, 128, 128]",['encoder2_attn_head0_qk_matmul'],10,"{""input->op"": {""enclave_get_ms"": 0.0}, ""op->output"": {""enclave_store_ms"": 0.0}}",0.0,0.0,131072,131072,60,131132,0,0,131072,1,60
encoder2_attn_head0_attn_v_matmul,MatMul,Encoder2_Head0,Enclave,0.2476367004419444,0.02058122051794386,0.22484600049210712,0.2918940008385107,0.2826159003234352,0.2900383807354956,0.0,0.0,0.0,0.0,78848,13312,"[1, 1, 128, 128]","[1, 1, 128, 26]","['encoder2_attn_head0_softmax', 'encoder2_attn_v_proj']",10,"{""input1->matmul"": {""enclave_get_ms"": 0.0}, ""input2->matmul"": {""enclave_get_ms"": 0.0}, ""matmul->output"": {""enclave_store_ms"": 0.0}}",0.0,0.0,78848,78848,60,78908,0,0,78848,1,60
encoder2_attn_head1_qk_matmul,MatMul,Encoder2_Head1,Enclave,0.2872423003282165,0.10014361381160732,0.22766500114812516,0.5534580013772938,0.48160290043597326,0.5390869811890298,0.0,0.0,0.0,0.0,26624,65536,"[1, 1, 128, 26]","[1, 1, 128, 128]","['encoder2_attn_q_proj', 'encoder2_attn_k_proj']",10,"{""input1->matmul"": {""enclave_get_ms"": 0.0}, ""input2->matmul"": {""enclave_get_ms"": 0.0}, ""matmul->output"": {""enclave_store_ms"": 0.0}}",0.0,0.0,78848,78848,60,78908,0,0,78848,1,60
encoder2_attn_head1_softmax,Softmax,Encoder2_Head1,Enclave,0.26744780006993096,0.009096727776489698,0.2534550003474578,0.28170999939902686,0.28062684959877515,0.2814933694389765,0.0,0.0,0.0,0.0,65536,65536,"[1, 1, 128, 128]","[1, 1, 128, 128]",['encoder2_attn_head1_qk_matmul'],10,"{""input->op"": {""enclave_get_ms"": 0.0}, ""op->output"": {""enclave_store_ms"": 0.0}}",0.0,0.0,131072,131072,60,131132,0,0,131072,1,60
encoder2_attn_head1_attn_v_matmul,MatMul,Encoder2_Head1,Enclave,0.24367059995711315,0.018309587965257144,0.22368200006894767,0.29016299959039316,0.27655409903672984,0.2874412194796605,0.0,0.0,0.0,0.0,78848,13312,"[1, 1, 128, 128]","[1, 1, 128, 26]","['encoder2_attn_head1_softmax', 'encoder2_attn_v_proj']",10,"{""input1->matmul"": {""enclave_get_ms"": 0.0}, ""input2->matmul"": {""enclave_get_ms"": 0.0}, ""matmul->output"": {""enclave_store_ms"": 0.0}}",0.0,0.0,78848,78848,60,78908,0,0,78848,1,60
encoder2_attn_head2_qk_matmul,MatMul,Encoder2_Head2,Enclave,0.2530068995838519,0.05573211953127189,0.224318999244133,0.41763500121305697,0.34420445117575565,0.40294889120559674,0.0,0.0,0.0,0.0,26624,65536,"[1, 1, 128, 26]","[1, 1, 128, 128]","['encoder2_attn_q_proj', 'encoder2_attn_k_proj']",10,"{""input1->matmul"": {""enclave_get_ms"": 0.0}, ""input2->matmul"": {""enclave_get_ms"": 0.0}, ""matmul->output"": {""enclave_store_ms"": 0.0}}",0.0,0.0,78848,78848,60,78908,0,0,78848,1,60
encoder2_attn_head2_softmax,Softmax,Encoder2_Head2,Enclave,0.25929400071618147,0.009436720383426727,0.24848400062182918,0.2755150017037522,0.27381265190342674,0.2751745317436871,0.0,0.0,0.0,0.0,65536,65536,"[1, 1, 128, 128]","[1, 1, 128, 128]",['encoder2_attn_head2_qk_matmul'],10,"{""input->op"": {""enclave_get_ms"": 0.0}, ""op->output"": {""enclave_store_ms"": 0.0}}",0.0,0.0,131072,131072,60,131132,0,0,131072,1,60
encoder2_attn_head2_attn_v_matmul,MatMul,Encoder2_Head2,Enclave,0.2753768007096369,0.05175436887990695,0.23802800205885433,0.40127600004780106,0.3751850001208367,0.3960578000624082,0.0,0.0,0.0,0.0,78848,13312,"[1, 1, 128, 128]","[1, 1, 128, 26]","['encoder2_attn_head2_softmax', 'encoder2_attn_v_proj']",10,"{""input1->matmul"": {""enclave_get_ms"": 0.0}, ""input2->matmul"": {""enclave_get_ms"": 0.0}, ""matmul->output"": {""enclave_store_ms"": 0.0}}",0.0,0.0,78848,78848,60,78908,0,0,78848,1,60
encoder2_attn_head3_qk_matmul,MatMul,Encoder2_Head3,Enclave,0.2687934997084085,0.03837605332892848,0.22775799880037084,0.351400001818547,0.33672370191197837,0.3484647418372333,0.0,0.0,0.0,0.0,26624,65536,"[1, 1, 128, 26]","[1, 1, 128, 128]","['encoder2_attn_q_proj', 'encoder2_attn_k_proj']",10,"{""input1->matmul"": {""enclave_get_ms"": 0.0}, ""input2->matmul"": {""enclave_get_ms"": 0.0}, ""matmul->output"": {""enclave_store_ms"": 0.0}}",0.0,0.0,78848,78848,60,78908,0,0,78848,1,60
encoder2_attn_head3_softmax,Softmax,Encoder2_Head3,Enclave,0.3772527001274284,0.04516910881502402,0.28138199922977947,0.4270190001989249,0.41950130071199965,0.42551546030153986,0.0,0.0,0.0,0.0,65536,65536,"[1, 1, 128, 128]","[1, 1, 128, 128]",['encoder2_attn_head3_qk_matmul'],10,"{""input->op"": {""enclave_get_ms"": 0.0}, ""op->output"": {""enclave_store_ms"": 0.0}}",0.0,0.0,131072,131072,60,131132,0,0,131072,1,60
encoder2_attn_head3_attn_v_matmul,MatMul,Encoder2_Head3,Enclave,0.3021928991074674,0.053186494016434195,0.2488939971954096,0.4068059970450122,0.39010829805192765,0.4034664572463953,0.0,0.0,0.0,0.0,78848,13312,"[1, 1, 128, 128]","[1, 1, 128, 26]","['encoder2_attn_head3_softmax', 'encoder2_attn_v_proj']",10,"{""input1->matmul"": {""enclave_get_ms"": 0.0}, ""input2->matmul"": {""enclave_get_ms"": 0.0}, ""matmul->output"": {""enclave_store_ms"": 0.0}}",0.0,0.0,78848,78848,60,78908,0,0,78848,1,60
encoder2_attn_head4_qk_matmul,MatMul,Encoder2_Head4,Enclave,0.2501044004020514,0.02244333221950614,0.22502499996335246,0.2856009996321518,0.28340545013634255,0.28516188973298995,0.0,0.0,0.0,0.0,26624,65536,"[1, 1, 128, 26]","[1, 1, 128, 128]","['encoder2_attn_q_proj', 'encoder2_attn_k_proj']",10,"{""input1->matmul"": {""enclave_get_ms"": 0.0}, ""input2->matmul"": {""enclave_get_ms"": 0.0}, ""matmul->output"": {""enclave_store_ms"": 0.0}}",0.0,0.0,78848,78848,60,78908,0,0,78848,1,60
encoder2_attn_head4_softmax,Softmax,Encoder2_Head4,Enclave,0.2590610001789173,0.018131725094691128,0.24017599935177714,0.3011560002050828,0.2887580505557707,0.2986764102752204,0.0,0.0,0.0,0.0,65536,65536,"[1, 1, 128, 128]","[1, 1, 128, 128]",['encoder2_attn_head4_qk_matmul'],10,"{""input->op"": {""enclave_get_ms"": 0.0}, ""op->output"": {""enclave_store_ms"": 0.0}}",0.0,0.0,131072,131072,60,131132,0,0,131072,1,60
encoder2_attn_head4_attn_v_matmul,MatMul,Encoder2_Head4,Enclave,0.25155600014841184,0.03631408958680586,0.22440899920184165,0.3530219983076677,0.31246799990185525,0.3449111986265052,0.0,0.0,0.0,0.0,78848,13312,"[1, 1, 128, 128]","[1, 1, 128, 26]","['encoder2_attn_head4_softmax', 'encoder2_attn_v_proj']",10,"{""input1->matmul"": {""enclave_get_ms"": 0.0}, ""input2->matmul"": {""enclave_get_ms"": 0.0}, ""matmul->output"": {""enclave_store_ms"": 0.0}}",0.0,0.0,78848,78848,60,78908,0,0,78848,1,60
encoder2_attn_head5_qk_matmul,MatMul,Encoder2_Head5,Enclave,0.2649424997798633,0.08507949185536057,0.22107199765741825,0.5174819998501334,0.39946139968378674,0.4938778798168642,0.0,0.0,0.0,0.0,26624,65536,"[1, 1, 128, 26]","[1, 1, 128, 128]","['encoder2_attn_q_proj', 'encoder2_attn_k_proj']",10,"{""input1->matmul"": {""enclave_get_ms"": 0.0}, ""input2->matmul"": {""enclave_get_ms"": 0.0}, ""matmul->output"": {""enclave_store_ms"": 0.0}}",0.0,0.0,78848,78848,60,78908,0,0,78848,1,60
encoder2_attn_head5_softmax,Softmax,Encoder2_Head5,Enclave,0.25726769963512197,0.01440769507726683,0.24158599990187213,0.2813459977915045,0.2779448981527821,0.28066577786376,0.0,0.0,0.0,0.0,65536,65536,"[1, 1, 128, 128]","[1, 1, 128, 128]",['encoder2_attn_head5_qk_matmul'],10,"{""input->op"": {""enclave_get_ms"": 0.0}, ""op->output"": {""enclave_store_ms"": 0.0}}",0.0,0.0,131072,131072,60,131132,0,0,131072,1,60
encoder2_attn_head5_attn_v_matmul,MatMul,Encoder2_Head5,Enclave,0.24627690036140848,0.03266413149145042,0.22629900195170194,0.3380070011189673,0.30633015030616656,0.33167163095640717,0.0,0.0,0.0,0.0,78848,13312,"[1, 1, 128, 128]","[1, 1, 128, 26]","['encoder2_attn_head5_softmax', 'encoder2_attn_v_proj']",10,"{""input1->matmul"": {""enclave_get_ms"": 0.0}, ""input2->matmul"": {""enclave_get_ms"": 0.0}, ""matmul->output"": {""enclave_store_ms"": 0.0}}",0.0,0.0,78848,78848,60,78908,0,0,78848,1,60
encoder2_attn_head6_qk_matmul,MatMul,Encoder2_Head6,Enclave,0.24735330007388256,0.03981009684003258,0.21885900059714913,0.3578180003387388,0.31667719995311916,0.3495898402616149,0.0,0.0,0.0,0.0,26624,65536,"[1, 1, 128, 26]","[1, 1, 128, 128]","['encoder2_attn_q_proj', 'encoder2_attn_k_proj']",10,"{""input1->matmul"": {""enclave_get_ms"": 0.0}, ""input2->matmul"": {""enclave_get_ms"": 0.0}, ""matmul->output"": {""enclave_store_ms"": 0.0}}",0.0,0.0,78848,78848,60,78908,0,0,78848,1,60
encoder2_attn_head6_softmax,Softmax,Encoder2_Head6,Enclave,0.27755719966080505,0.02037814079764381,0.24385199867538176,0.3150730008201208,0.307675899239257,0.31359358050394803,0.0,0.0,0.0,0.0,65536,65536,"[1, 1, 128, 128]","[1, 1, 128, 128]",['encoder2_attn_head6_qk_matmul'],10,"{""input->op"": {""enclave_get_ms"": 0.0}, ""op->output"": {""enclave_store_ms"": 0.0}}",0.0,0.0,131072,131072,60,131132,0,0,131072,1,60
encoder2_attn_head6_attn_v_matmul,MatMul,Encoder2_Head6,Enclave,0.25455950017203577,0.026976802887862816,0.2304620029462967,0.33197399898199365,0.29894039962528035,0.325367279110651,0.0,0.0,0.0,0.0,78848,13312,"[1, 1, 128, 128]","[1, 1, 128, 26]","['encoder2_attn_head6_softmax', 'encoder2_attn_v_proj']",10,"{""input1->matmul"": {""enclave_get_ms"": 0.0}, ""input2->matmul"": {""enclave_get_ms"": 0.0}, ""matmul->output"": {""enclave_store_ms"": 0.0}}",0.0,0.0,78848,78848,60,78908,0,0,78848,1,60
encoder2_attn_head7_qk_matmul,MatMul,Encoder2_Head7,Enclave,0.2731358999881195,0.10151879238260843,0.22772000011173077,0.5752709985245019,0.43725374925998006,0.5476675486715976,0.0,0.0,0.0,0.0,26624,65536,"[1, 1, 128, 26]","[1, 1, 128, 128]","['encoder2_attn_q_proj', 'encoder2_attn_k_proj']",10,"{""input1->matmul"": {""enclave_get_ms"": 0.0}, ""input2->matmul"": {""enclave_get_ms"": 0.0}, ""matmul->output"": {""enclave_store_ms"": 0.0}}",0.0,0.0,78848,78848,60,78908,0,0,78848,1,60
encoder2_attn_head7_softmax,Softmax,Encoder2_Head7,Enclave,0.2800304991978919,0.015224051204935885,0.25814400214585476,0.3057209978578612,0.3019409985427046,0.3049649979948299,0.0,0.0,0.0,0.0,65536,65536,"[1, 1, 128, 128]","[1, 1, 128, 128]",['encoder2_attn_head7_qk_matmul'],10,"{""input->op"": {""enclave_get_ms"": 0.0}, ""op->output"": {""enclave_store_ms"": 0.0}}",0.0,0.0,131072,131072,60,131132,0,0,131072,1,60
encoder2_attn_head7_attn_v_matmul,MatMul,Encoder2_Head7,Enclave,0.2668637996976031,0.054209550199728264,0.23136899835662916,0.42415899952175096,0.3564618988093569,0.4106195793792722,0.0,0.0,0.0,0.0,78848,13312,"[1, 1, 128, 128]","[1, 1, 128, 26]","['encoder2_attn_head7_softmax', 'encoder2_attn_v_proj']",10,"{""input1->matmul"": {""enclave_get_ms"": 0.0}, ""input2->matmul"": {""enclave_get_ms"": 0.0}, ""matmul->output"": {""enclave_store_ms"": 0.0}}",0.0,0.0,78848,78848,60,78908,0,0,78848,1,60
encoder2_attn_head8_qk_matmul,MatMul,Encoder2_Head8,Enclave,0.2719562005950138,0.08633445550575121,0.22932199863134883,0.529470999026671,0.4100724991076274,0.5055912990428624,0.0,0.0,0.0,0.0,26624,65536,"[1, 1, 128, 26]","[1, 1, 128, 128]","['encoder2_attn_q_proj', 'encoder2_attn_k_proj']",10,"{""input1->matmul"": {""enclave_get_ms"": 0.0}, ""input2->matmul"": {""enclave_get_ms"": 0.0}, ""matmul->output"": {""enclave_store_ms"": 0.0}}",0.0,0.0,78848,78848,60,78908,0,0,78848,1,60
encoder2_attn_head8_softmax,Softmax,Encoder2_Head8,Enclave,0.2778409994789399,0.010779173557916634,0.2591980010038242,0.29744299899903126,0.2933281983132474,0.2966200388618745,0.0,0.0,0.0,0.0,65536,65536,"[1, 1, 128, 128]","[1, 1, 128, 128]",['encoder2_attn_head8_qk_matmul'],10,"{""input->op"": {""enclave_get_ms"": 0.0}, ""op->output"": {""enclave_store_ms"": 0.0}}",0.0,0.0,131072,131072,60,131132,0,0,131072,1,60
encoder2_attn_head8_attn_v_matmul,MatMul,Encoder2_Head8,Enclave,0.25841520036919974,0.03210306359990193,0.2316350000910461,0.3488969996396918,0.3116037007202975,0.34143833985581296,0.0,0.0,0.0,0.0,78848,13312,"[1, 1, 128, 128]","[1, 1, 128, 26]","['encoder2_attn_head8_softmax', 'encoder2_attn_v_proj']",10,"{""input1->matmul"": {""enclave_get_ms"": 0.0}, ""input2->matmul"": {""enclave_get_ms"": 0.0}, ""matmul->output"": {""enclave_store_ms"": 0.0}}",0.0,0.0,78848,78848,60,78908,0,0,78848,1,60
encoder2_attn_head9_qk_matmul,MatMul,Encoder2_Head9,Enclave,0.24211390009440947,0.009712022558396519,0.22859299861011095,0.26204200185020454,0.2565781011071522,0.26094922170159407,0.0,0.0,0.0,0.0,26624,65536,"[1, 1, 128, 26]","[1, 1, 128, 128]","['encoder2_attn_q_proj', 'encoder2_attn_k_proj']",10,"{""input1->matmul"": {""enclave_get_ms"": 0.0}, ""input2->matmul"": {""enclave_get_ms"": 0.0}, ""matmul->output"": {""enclave_store_ms"": 0.0}}",0.0,0.0,78848,78848,60,78908,0,0,78848,1,60
encoder2_attn_head9_softmax,Softmax,Encoder2_Head9,Enclave,0.2840438002749579,0.009361678632029734,0.2682430022105109,0.29714300035266206,0.29686130128538935,0.2970866605392075,0.0,0.0,0.0,0.0,65536,65536,"[1, 1, 128, 128]","[1, 1, 128, 128]",['encoder2_attn_head9_qk_matmul'],10,"{""input->op"": {""enclave_get_ms"": 0.0}, ""op->output"": {""enclave_store_ms"": 0.0}}",0.0,0.0,131072,131072,60,131132,0,0,131072,1,60
encoder2_attn_head9_attn_v_matmul,MatMul,Encoder2_Head9,Enclave,0.25702479979372583,0.022748839555160598,0.22988800265011378,0.3155430022161454,0.29400690036709415,0.31123578184633516,0.0,0.0,0.0,0.0,78848,13312,"[1, 1, 128, 128]","[1, 1, 128, 26]","['encoder2_attn_head9_softmax', 'encoder2_attn_v_proj']",10,"{""input1->matmul"": {""enclave_get_ms"": 0.0}, ""input2->matmul"": {""enclave_get_ms"": 0.0}, ""matmul->output"": {""enclave_store_ms"": 0.0}}",0.0,0.0,78848,78848,60,78908,0,0,78848,1,60
encoder2_attn_head10_qk_matmul,MatMul,Encoder2_Head10,Enclave,0.25950960007321555,0.04148450353077272,0.22403600087272935,0.37896600042586215,0.3249511501053347,0.3681630303617567,0.0,0.0,0.0,0.0,26624,65536,"[1, 1, 128, 26]","[1, 1, 128, 128]","['encoder2_attn_q_proj', 'encoder2_attn_k_proj']",10,"{""input1->matmul"": {""enclave_get_ms"": 0.0}, ""input2->matmul"": {""enclave_get_ms"": 0.0}, ""matmul->output"": {""enclave_store_ms"": 0.0}}",0.0,0.0,78848,78848,60,78908,0,0,78848,1,60
encoder2_attn_head10_softmax,Softmax,Encoder2_Head10,Enclave,0.2693647995329229,0.03003344286337638,0.2505070006009191,0.35731099706026725,0.31724164782644937,0.3492971272135037,0.0,0.0,0.0,0.0,65536,65536,"[1, 1, 128, 128]","[1, 1, 128, 128]",['encoder2_attn_head10_qk_matmul'],10,"{""input->op"": {""enclave_get_ms"": 0.0}, ""op->output"": {""enclave_store_ms"": 0.0}}",0.0,0.0,131072,131072,60,131132,0,0,131072,1,60
encoder2_attn_head10_attn_v_matmul,MatMul,Encoder2_Head10,Enclave,0.2813124006934231,0.07653829749147519,0.23139699987950735,0.5035510002926458,0.41345244972035267,0.4855312901781872,0.0,0.0,0.0,0.0,78848,13312,"[1, 1, 128, 128]","[1, 1, 128, 26]","['encoder2_attn_head10_softmax', 'encoder2_attn_v_proj']",10,"{""input1->matmul"": {""enclave_get_ms"": 0.0}, ""input2->matmul"": {""enclave_get_ms"": 0.0}, ""matmul->output"": {""enclave_store_ms"": 0.0}}",0.0,0.0,78848,78848,60,78908,0,0,78848,1,60
encoder2_attn_head11_qk_matmul,MatMul,Encoder2_Head11,Enclave,0.27835330001835246,0.11174320119332927,0.22591400193050504,0.6111439979576971,0.45668825023312787,0.5802528484127834,0.0,0.0,0.0,0.0,26624,65536,"[1, 1, 128, 26]","[1, 1, 128, 128]","['encoder2_attn_q_proj', 'encoder2_attn_k_proj']",10,"{""input1->matmul"": {""enclave_get_ms"": 0.0}, ""input2->matmul"": {""enclave_get_ms"": 0.0}, ""matmul->output"": {""enclave_store_ms"": 0.0}}",0.0,0.0,78848,78848,60,78908,0,0,78848,1,60
encoder2_attn_head11_softmax,Softmax,Encoder2_Head11,Enclave,0.2600679999886779,0.008633621490810272,0.2441889992041979,0.27047700132243335,0.269749350627535,0.2703314711834537,0.0,0.0,0.0,0.0,65536,65536,"[1, 1, 128, 128]","[1, 1, 128, 128]",['encoder2_attn_head11_qk_matmul'],10,"{""input->op"": {""enclave_get_ms"": 0.0}, ""op->output"": {""enclave_store_ms"": 0.0}}",0.0,0.0,131072,131072,60,131132,0,0,131072,1,60
encoder2_attn_head11_attn_v_matmul,MatMul,Encoder2_Head11,Enclave,0.2369158002693439,0.006851579074427411,0.2275019978696946,0.24646599922562018,0.24581889992987271,0.2463365793664707,0.0,0.0,0.0,0.0,78848,13312,"[1, 1, 128, 128]","[1, 1, 128, 26]","['encoder2_attn_head11_softmax', 'encoder2_attn_v_proj']",10,"{""input1->matmul"": {""enclave_get_ms"": 0.0}, ""input2->matmul"": {""enclave_get_ms"": 0.0}, ""matmul->output"": {""enclave_store_ms"": 0.0}}",0.0,0.0,78848,78848,60,78908,0,0,78848,1,60
encoder2_attn_out_proj,Linear,Encoder2,Enclave,0.6421853999199811,0.13593644123648763,0.5170980002731085,0.8522839998477139,0.8493454994095373,0.8516962997600785,0.0,0.0,0.0,0.0,159744,159744,"[1, 128, 312]","[1, 128, 312]","['encoder2_attn_head0_attn_v_matmul', 'encoder2_attn_head1_attn_v_matmul', 'encoder2_attn_head2_attn_v_matmul', 'encoder2_attn_head3_attn_v_matmul', 'encoder2_attn_head4_attn_v_matmul', 'encoder2_attn_head5_attn_v_matmul', 'encoder2_attn_head6_attn_v_matmul', 'encoder2_attn_head7_attn_v_matmul', 'encoder2_attn_head8_attn_v_matmul', 'encoder2_attn_head9_attn_v_matmul', 'encoder2_attn_head10_attn_v_matmul', 'encoder2_attn_head11_attn_v_matmul']",10,"{""input->op"": {""enclave_get_ms"": 0.0}, ""op->output"": {""enclave_store_ms"": 0.0}}",0.0,0.0,710112,710112,60,710172,389376,1248,319488,1,60
encoder2_norm1,LayerNorm,Encoder2,Enclave,0.19399000084376894,0.016118648302766003,0.17605899847694673,0.23817400142434053,0.2208395495472359,0.23470711104891961,0.0,0.0,0.0,0.0,159744,159744,"[1, 128, 312]","[1, 128, 312]",['encoder2_attn_out_proj'],10,"{""input->op"": {""enclave_get_ms"": 0.0}, ""op->output"": {""enclave_store_ms"": 0.0}}",0.0,0.0,321984,321984,60,322044,1248,1248,319488,1,60
encoder2_ffn_fc1,Linear,Encoder2,Enclave,1.9285827998828609,0.07856215823582834,1.8555930000729859,2.0579600022756495,2.0519219018751755,2.0567523821955547,0.0,0.0,0.0,0.0,159744,614400,"[1, 128, 312]","[1, 128, 1200]",['encoder2_norm1'],10,"{""input->op"": {""enclave_get_ms"": 0.0}, ""op->output"": {""enclave_store_ms"": 0.0}}",0.0,0.0,2276544,2276544,60,2276604,1497600,4800,774144,1,60
encoder2_ffn_gelu,GELU,Encoder2,Enclave,3.8309155992465094,0.024474122189911726,3.7927090015728027,3.883913999743527,3.8658856490656035,3.880308329607942,0.0,0.0,0.0,0.0,614400,614400,"[1, 128, 1200]","[1, 128, 1200]",['encoder2_ffn_fc1'],10,"{""input->op"": {""enclave_get_ms"": 0.0}, ""op->output"": {""enclave_store_ms"": 0.0}}",0.0,0.0,1228800,1228800,60,1228860,0,0,1228800,1,60
encoder2_ffn_fc2,Linear,Encoder2,Enclave,1.6811205001431517,0.03116278643504116,1.6414669989899267,1.7482260009273887,1.7301782998401904,1.744616460709949,0.0,0.0,0.0,0.0,614400,159744,"[1, 128, 1200]","[1, 128, 312]",['encoder2_ffn_gelu'],10,"{""input->op"": {""enclave_get_ms"": 0.0}, ""op->output"": {""enclave_store_ms"": 0.0}}",0.0,0.0,2272992,2272992,60,2273052,1497600,1248,774144,1,60
encoder2_norm2,LayerNorm,Encoder2,Enclave,0.19182030118827242,0.028429438874048762,0.16742600200814195,0.2708430001803208,0.24240660131908948,0.26515572040807456,0.0,0.0,0.0,0.0,159744,159744,"[1, 128, 312]","[1, 128, 312]",['encoder2_ffn_fc2'],10,"{""input->op"": {""enclave_get_ms"": 0.0}, ""op->output"": {""enclave_store_ms"": 0.0}}",0.0,0.0,321984,321984,60,322044,1248,1248,319488,1,60
encoder3_attn_q_proj,Linear,Encoder3,Enclave,0.8451724002952687,0.015218334847654372,0.8228890001191758,0.8746140010771342,0.8683959009431419,0.8733703810503357,0.0,0.0,0.0,0.0,159744,159744,"[1, 128, 312]","[1, 128, 312]",['encoder2_norm2'],10,"{""input->op"": {""enclave_get_ms"": 0.0}, ""op->output"": {""enclave_store_ms"": 0.0}}",0.0,0.0,710112,710112,60,710172,389376,1248,319488,1,60
encoder3_attn_k_proj,Linear,Encoder3,Enclave,0.7429706001857994,0.13234300269422355,0.5555770003411453,0.8965790002548601,0.8878201995685231,0.8948272401175927,0.0,0.0,0.0,0.0,159744,159744,"[1, 128, 312]","[1, 128, 312]",['encoder2_norm2'],10,"{""input->op"": {""enclave_get_ms"": 0.0}, ""op->output"": {""enclave_store_ms"": 0.0}}",0.0,0.0,710112,710112,60,710172,389376,1248,319488,1,60
encoder3_attn_v_proj,Linear,Encoder3,Enclave,0.6420233992685098,0.10305870174312265,0.5505000008270144,0.8310470002470538,0.824054449913092,0.8296484901802614,0.0,0.0,0.0,0.0,159744,159744,"[1, 128, 312]","[1, 128, 312]",['encoder2_norm2'],10,"{""input->op"": {""enclave_get_ms"": 0.0}, ""op->output"": {""enclave_store_ms"": 0.0}}",0.0,0.0,710112,710112,60,710172,389376,1248,319488,1,60
encoder3_attn_head0_qk_matmul,MatMul,Encoder3_Head0,Enclave,0.2354266009206185,0.006466509357180868,0.2262760026496835,0.24453100195387378,0.243457751639653,0.24431635189102963,0.0,0.0,0.0,0.0,26624,65536,"[1, 1, 128, 26]","[1, 1, 128, 128]","['encoder3_attn_q_proj', 'encoder3_attn_k_proj']",10,"{""input1->matmul"": {""enclave_get_ms"": 0.0}, ""input2->matmul"": {""enclave_get_ms"": 0.0}, ""matmul->output"": {""enclave_store_ms"": 0.0}}",0.0,0.0,78848,78848,60,78908,0,0,78848,1,60
encoder3_attn_head0_softmax,Softmax,Encoder3_Head0,Enclave,0.25084140033868607,0.008219371985674014,0.239488002989674,0.26870399960898794,0.263816549522744,0.26772650959173916,0.0,0.0,0.0,0.0,65536,65536,"[1, 1, 128, 128]","[1, 1, 128, 128]",['encoder3_attn_head0_qk_matmul'],10,"{""input->op"": {""enclave_get_ms"": 0.0}, ""op->output"": {""enclave_store_ms"": 0.0}}",0.0,0.0,131072,131072,60,131132,0,0,131072,1,60
encoder3_attn_head0_attn_v_matmul,MatMul,Encoder3_Head0,Enclave,0.2419629989162786,0.011006292361089319,0.2273379977850709,0.264468999375822,0.26079384915647097,0.2637339693319518,0.0,0.0,0.0,0.0,78848,13312,"[1, 1, 128, 128]","[1, 1, 128, 26]","['encoder3_attn_head0_softmax', 'encoder3_attn_v_proj']",10,"{""input1->matmul"": {""enclave_get_ms"": 0.0}, ""input2->matmul"": {""enclave_get_ms"": 0.0}, ""matmul->output"": {""enclave_store_ms"": 0.0}}",0.0,0.0,78848,78848,60,78908,0,0,78848,1,60
encoder3_attn_head1_qk_matmul,MatMul,Encoder3_Head1,Enclave,0.2502991999790538,0.041657958528424036,0.23184699966805056,0.3741410000657197,0.3192378497260505,0.3631603699977859,0.0,0.0,0.0,0.0,26624,65536,"[1, 1, 128, 26]","[1, 1, 128, 128]","['encoder3_attn_q_proj', 'encoder3_attn_k_proj']",10,"{""input1->matmul"": {""enclave_get_ms"": 0.0}, ""input2->matmul"": {""enclave_get_ms"": 0.0}, ""matmul->output"": {""enclave_store_ms"": 0.0}}",0.0,0.0,78848,78848,60,78908,0,0,78848,1,60
encoder3_attn_head1_softmax,Softmax,Encoder3_Head1,Enclave,0.2753321001364384,0.013974494709954233,0.25781200019991957,0.3039980001631193,0.2963426000860636,0.30246692014770815,0.0,0.0,0.0,0.0,65536,65536,"[1, 1, 128, 128]","[1, 1, 128, 128]",['encoder3_attn_head1_qk_matmul'],10,"{""input->op"": {""enclave_get_ms"": 0.0}, ""op->output"": {""enclave_store_ms"": 0.0}}",0.0,0.0,131072,131072,60,131132,0,0,131072,1,60
encoder3_attn_head1_attn_v_matmul,MatMul,Encoder3_Head1,Enclave,0.26675600092858076,0.07267390102852324,0.22460200125351548,0.4837400010728743,0.38007485072739633,0.4630069710037788,0.0,0.0,0.0,0.0,78848,13312,"[1, 1, 128, 128]","[1, 1, 128, 26]","['encoder3_attn_head1_softmax', 'encoder3_attn_v_proj']",10,"{""input1->matmul"": {""enclave_get_ms"": 0.0}, ""input2->matmul"": {""enclave_get_ms"": 0.0}, ""matmul->output"": {""enclave_store_ms"": 0.0}}",0.0,0.0,78848,78848,60,78908,0,0,78848,1,60
encoder3_attn_head2_qk_matmul,MatMul,Encoder3_Head2,Enclave,0.2410978006082587,0.013815403947904589,0.22702100250171497,0.26673500178731047,0.2643302010255866,0.2662540416349657,0.0,0.0,0.0,0.0,26624,65536,"[1, 1, 128, 26]","[1, 1, 128, 128]","['encoder3_attn_q_proj', 'encoder3_attn_k_proj']",10,"{""input1->matmul"": {""enclave_get_ms"": 0.0}, ""input2->matmul"": {""enclave_get_ms"": 0.0}, ""matmul->output"": {""enclave_store_ms"": 0.0}}",0.0,0.0,78848,78848,60,78908,0,0,78848,1,60
encoder3_attn_head2_softmax,Softmax,Encoder3_Head2,Enclave,0.27833439999085385,0.010359987397434727,0.2617270001792349,0.2962100006698165,0.2948910509076086,0.2959462107173749,0.0,0.0,0.0,0.0,65536,65536,"[1, 1, 128, 128]","[1, 1, 128, 128]",['encoder3_attn_head2_qk_matmul'],10,"{""input->op"": {""enclave_get_ms"": 0.0}, ""op->output"": {""enclave_store_ms"": 0.0}}",0.0,0.0,131072,131072,60,131132,0,0,131072,1,60
encoder3_attn_head2_attn_v_matmul,MatMul,Encoder3_Head2,Enclave,0.26894079965131823,0.03379441433092432,0.24075100009213202,0.35485300031723455,0.33115825062850485,0.3501140503794886,0.0,0.0,0.0,0.0,78848,13312,"[1, 1, 128, 128]","[1, 1, 128, 26]","['encoder3_attn_head2_softmax', 'encoder3_attn_v_proj']",10,"{""input1->matmul"": {""enclave_get_ms"": 0.0}, ""input2->matmul"": {""enclave_get_ms"": 0.0}, ""matmul->output"": {""enclave_store_ms"": 0.0}}",0.0,0.0,78848,78848,60,78908,0,0,78848,1,60
encoder3_attn_head3_qk_matmul,MatMul,Encoder3_Head3,Enclave,0.28508230025181547,0.1107947190520677,0.2206249992013909,0.6034219986759126,0.4832985492612349,0.5793973087929771,0.0,0.0,0.0,0.0,26624,65536,"[1, 1, 128, 26]","[1, 1, 128, 128]","['encoder3_attn_q_proj', 'encoder3_attn_k_proj']",10,"{""input1->matmul"": {""enclave_get_ms"": 0.0}, ""input2->matmul"": {""enclave_get_ms"": 0.0}, ""matmul->output"": {""enclave_store_ms"": 0.0}}",0.0,0.0,78848,78848,60,78908,0,0,78848,1,60
encoder3_attn_head3_softmax,Softmax,Encoder3_Head3,Enclave,0.28772229998139665,0.03361483391406797,0.24112599930958822,0.3660910006146878,0.34101745077350637,0.3610762906464515,0.0,0.0,0.0,0.0,65536,65536,"[1, 1, 128, 128]","[1, 1, 128, 128]",['encoder3_attn_head3_qk_matmul'],10,"{""input->op"": {""enclave_get_ms"": 0.0}, ""op->output"": {""enclave_store_ms"": 0.0}}",0.0,0.0,131072,131072,60,131132,0,0,131072,1,60
encoder3_attn_head3_attn_v_matmul,MatMul,Encoder3_Head3,Enclave,0.240963199394173,0.013449441024860934,0.22593399990000762,0.26925900237984024,0.2635539009133936,0.2681179820865509,0.0,0.0,0.0,0.0,78848,13312,"[1, 1, 128, 128]","[1, 1, 128, 26]","['encoder3_attn_head3_softmax', 'encoder3_attn_v_proj']",10,"{""input1->matmul"": {""enclave_get_ms"": 0.0}, ""input2->matmul"": {""enclave_get_ms"": 0.0}, ""matmul->output"": {""enclave_store_ms"": 0.0}}",0.0,0.0,78848,78848,60,78908,0,0,78848,1,60
encoder3_attn_head4_qk_matmul,MatMul,Encoder3_Head4,Enclave,0.27106449961138424,0.08044545690800341,0.22341200019582175,0.49641299847280607,0.421038897911785,0.4813381783606019,0.0,0.0,0.0,0.0,26624,65536,"[1, 1, 128, 26]","[1, 1, 128, 128]","['encoder3_attn_q_proj', 'encoder3_attn_k_proj']",10,"{""input1->matmul"": {""enclave_get_ms"": 0.0}, ""input2->matmul"": {""enclave_get_ms"": 0.0}, ""matmul->output"": {""enclave_store_ms"": 0.0}}",0.0,0.0,78848,78848,60,78908,0,0,78848,1,60
encoder3_attn_head4_softmax,Softmax,Encoder3_Head4,Enclave,0.27156860051036347,0.038564987686140174,0.24113899780786596,0.3700199995364528,0.34505265102779953,0.36502652983472217,0.0,0.0,0.0,0.0,65536,65536,"[1, 1, 128, 128]","[1, 1, 128, 128]",['encoder3_attn_head4_qk_matmul'],10,"{""input->op"": {""enclave_get_ms"": 0.0}, ""op->output"": {""enclave_store_ms"": 0.0}}",0.0,0.0,131072,131072,60,131132,0,0,131072,1,60
encoder3_attn_head4_attn_v_matmul,MatMul,Encoder3_Head4,Enclave,0.27445729974715505,0.04432909840277318,0.2226530014013406,0.35027199919568375,0.3452846489381045,0.3492745291441679,0.0,0.0,0.0,0.0,78848,13312,"[1, 1, 128, 128]","[1, 1, 128, 26]","['encoder3_attn_head4_softmax', 'encoder3_attn_v_proj']",10,"{""input1->matmul"": {""enclave_get_ms"": 0.0}, ""input2->matmul"": {""enclave_get_ms"": 0.0}, ""matmul->output"": {""enclave_store_ms"": 0.0}}",0.0,0.0,78848,78848,60,78908,0,0,78848,1,60
encoder3_attn_head5_qk_matmul,MatMul,Encoder3_Head5,Enclave,0.24205089976021554,0.008768308587751076,0.2249749995826278,0.25852299950201996,0.25503234937787056,0.2578248694771901,0.0,0.0,0.0,0.0,26624,65536,"[1, 1, 128, 26]","[1, 1, 128, 128]","['encoder3_attn_q_proj', 'encoder3_attn_k_proj']",10,"{""input1->matmul"": {""enclave_get_ms"": 0.0}, ""input2->matmul"": {""enclave_get_ms"": 0.0}, ""matmul->output"": {""enclave_store_ms"": 0.0}}",0.0,0.0,78848,78848,60,78908,0,0,78848,1,60
encoder3_attn_head5_softmax,Softmax,Encoder3_Head5,Enclave,0.2856161001545843,0.0149369118023012,0.2651549984875601,0.319069000397576,0.3097990002061124,0.3172150003592833,0.0,0.0,0.0,0.0,65536,65536,"[1, 1, 128, 128]","[1, 1, 128, 128]",['encoder3_attn_head5_qk_matmul'],10,"{""input->op"": {""enclave_get_ms"": 0.0}, ""op->output"": {""enclave_store_ms"": 0.0}}",0.0,0.0,131072,131072,60,131132,0,0,131072,1,60
encoder3_attn_head5_attn_v_matmul,MatMul,Encoder3_Head5,Enclave,0.23754299982101656,0.008296455408849606,0.22640099996351637,0.2513350009394344,0.24970329977804795,0.2510086607071571,0.0,0.0,0.0,0.0,78848,13312,"[1, 1, 128, 128]","[1, 1, 128, 26]","['encoder3_attn_head5_softmax', 'encoder3_attn_v_proj']",10,"{""input1->matmul"": {""enclave_get_ms"": 0.0}, ""input2->matmul"": {""enclave_get_ms"": 0.0}, ""matmul->output"": {""enclave_store_ms"": 0.0}}",0.0,0.0,78848,78848,60,78908,0,0,78848,1,60
encoder3_attn_head6_qk_matmul,MatMul,Encoder3_Head6,Enclave,0.24717129999771714,0.011187089003030408,0.23150999913923442,0.26769300166051835,0.264303152107459,0.2670150317499065,0.0,0.0,0.0,0.0,26624,65536,"[1, 1, 128, 26]","[1, 1, 128, 128]","['encoder3_attn_q_proj', 'encoder3_attn_k_proj']",10,"{""input1->matmul"": {""enclave_get_ms"": 0.0}, ""input2->matmul"": {""enclave_get_ms"": 0.0}, ""matmul->output"": {""enclave_store_ms"": 0.0}}",0.0,0.0,78848,78848,60,78908,0,0,78848,1,60
encoder3_attn_head6_softmax,Softmax,Encoder3_Head6,Enclave,0.25830839986156207,0.009926644810790579,0.24639199909870513,0.2799239991873037,0.27478545052872505,0.278896289455588,0.0,0.0,0.0,0.0,65536,65536,"[1, 1, 128, 128]","[1, 1, 128, 128]",['encoder3_attn_head6_qk_matmul'],10,"{""input->op"": {""enclave_get_ms"": 0.0}, ""op->output"": {""enclave_store_ms"": 0.0}}",0.0,0.0,131072,131072,60,131132,0,0,131072,1,60
encoder3_attn_head6_attn_v_matmul,MatMul,Encoder3_Head6,Enclave,0.23604800044267904,0.010723709778718279,0.22239699683268555,0.2609650000522379,0.2545182998801465,0.2596756600178196,0.0,0.0,0.0,0.0,78848,13312,"[1, 1, 128, 128]","[1, 1, 128, 26]","['encoder3_attn_head6_softmax', 'encoder3_attn_v_proj']",10,"{""input1->matmul"": {""enclave_get_ms"": 0.0}, ""input2->matmul"": {""enclave_get_ms"": 0.0}, ""matmul->output"": {""enclave_store_ms"": 0.0}}",0.0,0.0,78848,78848,60,78908,0,0,78848,1,60
encoder3_attn_head7_qk_matmul,MatMul,Encoder3_Head7,Enclave,0.23077859987097327,0.008421157541430618,0.22017499941284768,0.24428699907730334,0.24240374914370477,0.24391034909058362,0.0,0.0,0.0,0.0,26624,65536,"[1, 1, 128, 26]","[1, 1, 128, 128]","['encoder3_attn_q_proj', 'encoder3_attn_k_proj']",10,"{""input1->matmul"": {""enclave_get_ms"": 0.0}, ""input2->matmul"": {""enclave_get_ms"": 0.0}, ""matmul->output"": {""enclave_store_ms"": 0.0}}",0.0,0.0,78848,78848,60,78908,0,0,78848,1,60
encoder3_attn_head7_softmax,Softmax,Encoder3_Head7,Enclave,0.2743168002780294,0.014713241220124443,0.25833600011537783,0.29994100259500556,0.29851630170014687,0.2996560624160338,0.0,0.0,0.0,0.0,65536,65536,"[1, 1, 128, 128]","[1, 1, 128, 128]",['encoder3_attn_head7_qk_matmul'],10,"{""input->op"": {""enclave_get_ms"": 0.0}, ""op->output"": {""enclave_store_ms"": 0.0}}",0.0,0.0,131072,131072,60,131132,0,0,131072,1,60
encoder3_attn_head7_attn_v_matmul,MatMul,Encoder3_Head7,Enclave,0.245099499807111,0.0172779011347894,0.22848799926578067,0.2867699986381922,0.2752747488557361,0.284470948681701,0.0,0.0,0.0,0.0,78848,13312,"[1, 1, 128, 128]","[1, 1, 128, 26]","['encoder3_attn_head7_softmax', 'encoder3_attn_v_proj']",10,"{""input1->matmul"": {""enclave_get_ms"": 0.0}, ""input2->matmul"": {""enclave_get_ms"": 0.0}, ""matmul->output"": {""enclave_store_ms"": 0.0}}",0.0,0.0,78848,78848,60,78908,0,0,78848,1,60
encoder3_attn_head8_qk_matmul,MatMul,Encoder3_Head8,Enclave,0.26595549934427254,0.06751192343271159,0.2269549986522179,0.4653129981306847,0.3749831479581187,0.44724702809617156,0.0,0.0,0.0,0.0,26624,65536,"[1, 1, 128, 26]","[1, 1, 128, 128]","['encoder3_attn_q_proj', 'encoder3_attn_k_proj']",10,"{""input1->matmul"": {""enclave_get_ms"": 0.0}, ""input2->matmul"": {""enclave_get_ms"": 0.0}, ""matmul->output"": {""enclave_store_ms"": 0.0}}",0.0,0.0,78848,78848,60,78908,0,0,78848,1,60
encoder3_attn_head8_softmax,Softmax,Encoder3_Head8,Enclave,0.2595979993202491,0.01691660557699414,0.2435850001347717,0.3024789984920062,0.28943304914719187,0.29986980862304335,0.0,0.0,0.0,0.0,65536,65536,"[1, 1, 128, 128]","[1, 1, 128, 128]",['encoder3_attn_head8_qk_matmul'],10,"{""input->op"": {""enclave_get_ms"": 0.0}, ""op->output"": {""enclave_store_ms"": 0.0}}",0.0,0.0,131072,131072,60,131132,0,0,131072,1,60
encoder3_attn_head8_attn_v_matmul,MatMul,Encoder3_Head8,Enclave,0.277302899849019,0.04393729779565578,0.2261990011902526,0.36483599978964776,0.35992829889437417,0.36385445961059304,0.0,0.0,0.0,0.0,78848,13312,"[1, 1, 128, 128]","[1, 1, 128, 26]","['encoder3_attn_head8_softmax', 'encoder3_attn_v_proj']",10,"{""input1->matmul"": {""enclave_get_ms"": 0.0}, ""input2->matmul"": {""enclave_get_ms"": 0.0}, ""matmul->output"": {""enclave_store_ms"": 0.0}}",0.0,0.0,78848,78848,60,78908,0,0,78848,1,60
encoder3_attn_head9_qk_matmul,MatMul,Encoder3_Head9,Enclave,0.23273619990504812,0.010270774222057598,0.2204630000051111,0.25085599918384105,0.24776764930720674,0.2502383292085142,0.0,0.0,0.0,0.0,26624,65536,"[1, 1, 128, 26]","[1, 1, 128, 128]","['encoder3_attn_q_proj', 'encoder3_attn_k_proj']",10,"{""input1->matmul"": {""enclave_get_ms"": 0.0}, ""input2->matmul"": {""enclave_get_ms"": 0.0}, ""matmul->output"": {""enclave_store_ms"": 0.0}}",0.0,0.0,78848,78848,60,78908,0,0,78848,1,60
encoder3_attn_head9_softmax,Softmax,Encoder3_Head9,Enclave,0.2650589001859771,0.012516617869348278,0.24476000180584379,0.28619700242416,0.2827194015480927,0.28550148224894656,0.0,0.0,0.0,0.0,65536,65536,"[1, 1, 128, 128]","[1, 1, 128, 128]",['encoder3_attn_head9_qk_matmul'],10,"{""input->op"": {""enclave_get_ms"": 0.0}, ""op->output"": {""enclave_store_ms"": 0.0}}",0.0,0.0,131072,131072,60,131132,0,0,131072,1,60
encoder3_attn_head9_attn_v_matmul,MatMul,Encoder3_Head9,Enclave,0.23020019980322104,0.011242039865589606,0.21755700072390027,0.2534560007916298,0.2503879000869347,0.25284238065069076,0.0,0.0,0.0,0.0,78848,13312,"[1, 1, 128, 128]","[1, 1, 128, 26]","['encoder3_attn_head9_softmax', 'encoder3_attn_v_proj']",10,"{""input1->matmul"": {""enclave_get_ms"": 0.0}, ""input2->matmul"": {""enclave_get_ms"": 0.0}, ""matmul->output"": {""enclave_store_ms"": 0.0}}",0.0,0.0,78848,78848,60,78908,0,0,78848,1,60
encoder3_attn_head10_qk_matmul,MatMul,Encoder3_Head10,Enclave,0.269645500156912,0.09167072407667735,0.22042599812266417,0.5433429978438653,0.41202039919880884,0.5170784781148541,0.0,0.0,0.0,0.0,26624,65536,"[1, 1, 128, 26]","[1, 1, 128, 128]","['encoder3_attn_q_proj', 'encoder3_attn_k_proj']",10,"{""input1->matmul"": {""enclave_get_ms"": 0.0}, ""input2->matmul"": {""enclave_get_ms"": 0.0}, ""matmul->output"": {""enclave_store_ms"": 0.0}}",0.0,0.0,78848,78848,60,78908,0,0,78848,1,60
encoder3_attn_head10_softmax,Softmax,Encoder3_Head10,Enclave,0.27971919989795424,0.024916570767168193,0.2433279987599235,0.3268910004408099,0.31891835023998283,0.32529647040064447,0.0,0.0,0.0,0.0,65536,65536,"[1, 1, 128, 128]","[1, 1, 128, 128]",['encoder3_attn_head10_qk_matmul'],10,"{""input->op"": {""enclave_get_ms"": 0.0}, ""op->output"": {""enclave_store_ms"": 0.0}}",0.0,0.0,131072,131072,60,131132,0,0,131072,1,60
encoder3_attn_head10_attn_v_matmul,MatMul,Encoder3_Head10,Enclave,0.2513971998268971,0.013116154689190942,0.23388499903376214,0.2710269982344471,0.2702772992051905,0.2708770584285958,0.0,0.0,0.0,0.0,78848,13312,"[1, 1, 128, 128]","[1, 1, 128, 26]","['encoder3_attn_head10_softmax', 'encoder3_attn_v_proj']",10,"{""input1->matmul"": {""enclave_get_ms"": 0.0}, ""input2->matmul"": {""enclave_get_ms"": 0.0}, ""matmul->output"": {""enclave_store_ms"": 0.0}}",0.0,0.0,78848,78848,60,78908,0,0,78848,1,60
encoder3_attn_head11_qk_matmul,MatMul,Encoder3_Head11,Enclave,0.23616329963260796,0.013092102793337931,0.22055499721318483,0.2617150021251291,0.2567848010585294,0.26072896191180917,0.0,0.0,0.0,0.0,26624,65536,"[1, 1, 128, 26]","[1, 1, 128, 128]","['encoder3_attn_q_proj', 'encoder3_attn_k_proj']",10,"{""input1->matmul"": {""enclave_get_ms"": 0.0}, ""input2->matmul"": {""enclave_get_ms"": 0.0}, ""matmul->output"": {""enclave_store_ms"": 0.0}}",0.0,0.0,78848,78848,60,78908,0,0,78848,1,60
encoder3_attn_head11_softmax,Softmax,Encoder3_Head11,Enclave,0.2574979007476941,0.0101833397572466,0.24065300021902658,0.2735880007094238,0.270327751422883,0.27293595085211564,0.0,0.0,0.0,0.0,65536,65536,"[1, 1, 128, 128]","[1, 1, 128, 128]",['encoder3_attn_head11_qk_matmul'],10,"{""input->op"": {""enclave_get_ms"": 0.0}, ""op->output"": {""enclave_store_ms"": 0.0}}",0.0,0.0,131072,131072,60,131132,0,0,131072,1,60
encoder3_attn_head11_attn_v_matmul,MatMul,Encoder3_Head11,Enclave,0.24955530097940937,0.024154788257531982,0.22643300326308236,0.30946799961384386,0.29289495032571716,0.30615338975621853,0.0,0.0,0.0,0.0,78848,13312,"[1, 1, 128, 128]","[1, 1, 128, 26]","['encoder3_attn_head11_softmax', 'encoder3_attn_v_proj']",10,"{""input1->matmul"": {""enclave_get_ms"": 0.0}, ""input2->matmul"": {""enclave_get_ms"": 0.0}, ""matmul->output"": {""enclave_store_ms"": 0.0}}",0.0,0.0,78848,78848,60,78908,0,0,78848,1,60
encoder3_attn_out_proj,Linear,Encoder3,Enclave,0.7558159995824099,0.11460342880150719,0.5532540017156862,0.9174739971058443,0.8870193489201482,0.9113830674687051,0.0,0.0,0.0,0.0,159744,159744,"[1, 128, 312]","[1, 128, 312]","['encoder3_attn_head0_attn_v_matmul', 'encoder3_attn_head1_attn_v_matmul', 'encoder3_attn_head2_attn_v_matmul', 'encoder3_attn_head3_attn_v_matmul', 'encoder3_attn_head4_attn_v_matmul', 'encoder3_attn_head5_attn_v_matmul', 'encoder3_attn_head6_attn_v_matmul', 'encoder3_attn_head7_attn_v_matmul', 'encoder3_attn_head8_attn_v_matmul', 'encoder3_attn_head9_attn_v_matmul', 'encoder3_attn_head10_attn_v_matmul', 'encoder3_attn_head11_attn_v_matmul']",10,"{""input->op"": {""enclave_get_ms"": 0.0}, ""op->output"": {""enclave_store_ms"": 0.0}}",0.0,0.0,710112,710112,60,710172,389376,1248,319488,1,60
encoder3_norm1,LayerNorm,Encoder3,Enclave,0.1876604994322406,0.007922939240267516,0.17544699949212372,0.2001569991989527,0.19892354976036586,0.19991030931123532,0.0,0.0,0.0,0.0,159744,159744,"[1, 128, 312]","[1, 128, 312]",['encoder3_attn_out_proj'],10,"{""input->op"": {""enclave_get_ms"": 0.0}, ""op->output"": {""enclave_store_ms"": 0.0}}",0.0,0.0,321984,321984,60,322044,1248,1248,319488,1,60
encoder3_ffn_fc1,Linear,Encoder3,Enclave,1.9229751003877027,0.08913637220329666,1.8305590019735973,2.0782540013897233,2.0681146013885154,2.0762261213894817,0.0,0.0,0.0,0.0,159744,614400,"[1, 128, 312]","[1, 128, 1200]",['encoder3_norm1'],10,"{""input->op"": {""enclave_get_ms"": 0.0}, ""op->output"": {""enclave_store_ms"": 0.0}}",0.0,0.0,2276544,2276544,60,2276604,1497600,4800,774144,1,60
encoder3_ffn_gelu,GELU,Encoder3,Enclave,3.829713199957041,0.027528774849254173,3.7882579999859445,3.8686059997417033,3.8672843504173215,3.868341669876827,0.0,0.0,0.0,0.0,614400,614400,"[1, 128, 1200]","[1, 128, 1200]",['encoder3_ffn_fc1'],10,"{""input->op"": {""enclave_get_ms"": 0.0}, ""op->output"": {""enclave_store_ms"": 0.0}}",0.0,0.0,1228800,1228800,60,1228860,0,0,1228800,1,60
encoder3_ffn_fc2,Linear,Encoder3,Enclave,1.660988700314192,0.03071815656139518,1.63107700063847,1.7454170010751113,1.710984800956794,1.7385305610514479,0.0,0.0,0.0,0.0,614400,159744,"[1, 128, 1200]","[1, 128, 312]",['encoder3_ffn_gelu'],10,"{""input->op"": {""enclave_get_ms"": 0.0}, ""op->output"": {""enclave_store_ms"": 0.0}}",0.0,0.0,2272992,2272992,60,2273052,1497600,1248,774144,1,60
encoder3_norm2,LayerNorm,Encoder3,Enclave,0.18780819955281913,0.00988133824963512,0.1742329986882396,0.2013829980569426,0.200148648218601,0.20113612808927428,0.0,0.0,0.0,0.0,159744,159744,"[1, 128, 312]","[1, 128, 312]",['encoder3_ffn_fc2'],10,"{""input->op"": {""enclave_get_ms"": 0.0}, ""op->output"": {""enclave_store_ms"": 0.0}}",0.0,0.0,321984,321984,60,322044,1248,1248,319488,1,60
pooler,Linear,ClassHead,Enclave,0.15756770080770366,0.020150145895256273,0.1415049991919659,0.20311600019340403,0.19287984978291203,0.20106877011130564,0.0,0.0,0.0,0.0,1248,1248,"[1, 312]","[1, 312]",['encoder3_norm2'],10,"{""input->op"": {""enclave_get_ms"": 0.0}, ""op->output"": {""enclave_store_ms"": 0.0}}",0.0,0.0,393120,393120,60,393180,389376,1248,2496,1,60
classifier,Linear,ClassHead,Enclave,0.04806380056834314,0.0076566461874929504,0.03922399992006831,0.06097699952078983,0.0606206000156817,0.060905719619768206,0.0,0.0,0.0,0.0,1248,8,"[1, 312]","[1, 2]",['pooler'],10,"{""input->op"": {""enclave_get_ms"": 0.0}, ""op->output"": {""enclave_store_ms"": 0.0}}",0.0,0.0,3760,3760,60,3820,2496,8,1256,1,60
